-- phpMyAdmin SQL Dump
-- version 5.2.1
-- https://www.phpmyadmin.net/
--
-- Host: 127.0.0.1
-- Generation Time: Jun 16, 2024 at 09:54 AM
-- Server version: 10.4.32-MariaDB
-- PHP Version: 8.2.12

SET SQL_MODE = "NO_AUTO_VALUE_ON_ZERO";
START TRANSACTION;
SET time_zone = "+00:00";


/*!40101 SET @OLD_CHARACTER_SET_CLIENT=@@CHARACTER_SET_CLIENT */;
/*!40101 SET @OLD_CHARACTER_SET_RESULTS=@@CHARACTER_SET_RESULTS */;
/*!40101 SET @OLD_COLLATION_CONNECTION=@@COLLATION_CONNECTION */;
/*!40101 SET NAMES utf8mb4 */;

--
-- Database: `paint_shop`
--

-- --------------------------------------------------------

--
-- Table structure for table `branch`
--

CREATE TABLE `branch` (
  `idBranch` int(11) NOT NULL,
  `Name` varchar(45) DEFAULT NULL,
  `Address1` varchar(45) DEFAULT NULL,
  `Address2` varchar(45) DEFAULT NULL,
  `Address3` varchar(45) DEFAULT NULL,
  `Contact_No` varchar(45) DEFAULT NULL,
  `Print_Size` varchar(10) DEFAULT NULL,
  `Status` varchar(45) DEFAULT NULL,
  `Company_idCompany` int(11) NOT NULL
) ENGINE=InnoDB DEFAULT CHARSET=latin1 COLLATE=latin1_swedish_ci;

--
-- Dumping data for table `branch`
--

INSERT INTO `branch` (`idBranch`, `Name`, `Address1`, `Address2`, `Address3`, `Contact_No`, `Print_Size`, `Status`, `Company_idCompany`) VALUES
(1, 'Test 1', '47', '77', '777', '53553535353', 'A5', '1', 1);

-- --------------------------------------------------------

--
-- Table structure for table `company`
--

CREATE TABLE `company` (
  `idCompany` int(11) NOT NULL,
  `Name` varchar(45) DEFAULT NULL,
  `Address` varchar(45) DEFAULT NULL,
  `Contact_No` varchar(45) DEFAULT NULL,
  `Logo` varchar(150) NOT NULL,
  `Lan_No` varchar(45) DEFAULT NULL,
  `Contact_Person` varchar(45) DEFAULT NULL,
  `CP_TP` varchar(45) DEFAULT NULL,
  `Start_Date` varchar(45) DEFAULT NULL,
  `System_Amount` varchar(45) DEFAULT NULL,
  `Payment_Date` varchar(45) DEFAULT NULL,
  `Status` varchar(45) DEFAULT NULL
) ENGINE=InnoDB DEFAULT CHARSET=latin1 COLLATE=latin1_swedish_ci;

--
-- Dumping data for table `company`
--

INSERT INTO `company` (`idCompany`, `Name`, `Address`, `Contact_No`, `Logo`, `Lan_No`, `Contact_Person`, `CP_TP`, `Start_Date`, `System_Amount`, `Payment_Date`, `Status`) VALUES
(1, NULL, NULL, NULL, '1713331801823-Screenshot 2024-04-17 105947.png', NULL, NULL, NULL, NULL, NULL, NULL, NULL);

-- --------------------------------------------------------

--
-- Table structure for table `customer`
--

CREATE TABLE `customer` (
  `idCustomer` int(11) NOT NULL,
  `Customer_idCustomer_Category` int(11) NOT NULL,
  `Title` varchar(45) DEFAULT NULL,
  `First_Name` varchar(45) DEFAULT NULL,
  `Name` varchar(45) DEFAULT NULL,
  `Tp` varchar(45) DEFAULT NULL,
  `Email` varchar(45) DEFAULT NULL,
  `NIC` varchar(45) DEFAULT NULL,
  `Birthday` varchar(45) DEFAULT NULL,
  `Address1` varchar(45) DEFAULT NULL,
  `Address2` varchar(45) DEFAULT NULL,
  `Address3` varchar(45) DEFAULT NULL,
  `Delivery_Location` varchar(150) NOT NULL,
  `Status` varchar(45) DEFAULT NULL,
  `Branch_idBranch` int(11) DEFAULT NULL,
  `City` varchar(50) NOT NULL
) ENGINE=InnoDB DEFAULT CHARSET=latin1 COLLATE=latin1_swedish_ci;

--
-- Dumping data for table `customer`
--

INSERT INTO `customer` (`idCustomer`, `Customer_idCustomer_Category`, `Title`, `First_Name`, `Name`, `Tp`, `Email`, `NIC`, `Birthday`, `Address1`, `Address2`, `Address3`, `Delivery_Location`, `Status`, `Branch_idBranch`, `City`) VALUES
(1, 0, 'Mr', 'saman', 'Saman perera', '0774287129', 'ss@g.com', '023554', '2024-03-13', '22', '22', '555', '', '1', 1, ''),
(2, 0, 'Mr', 'Name', 'Name', '0774287129', 'ss@g.com', '55', '2024-03-14', '22', '22', '555', '', '1', 1, ''),
(3, 0, 'Mr', 'saman', 'perera', '0774287129', 'ss@g.com', '023554', '2024-03-13', '22', '22', '555', '', '1', 1, ''),
(4, 0, 'Mr', 'saman', 'perera', '0774287129', 'sxxxdddds@g.com', '023554', '2024-03-13', '22', '22', '555', '', '1', 1, ''),
(5, 0, 'Mr', 'Kamald', 'Silva', '0777989795', 'email@gmail.com', '5565', '2024-03-21', '555', '55', '', '', '1', 1, ''),
(6, 0, 'Mrs', 'sachithra', 'sachithra perera', '0777555555', 'sachithra@gmail.com', '2001546855', '2024-03-12', 'dd', 'new', 'new', '', '1', 1, ''),
(7, 0, 'Mr', 'NAmName', 'Name Perera', '0747895112', 'name@gmail.com', '320545464', '', '', '', '', '', '1', 1, ''),
(8, 0, 'Ms', 'gfg', 'fgfg', '3232332323', 'fgf@ww', '54565', '', '', '', '', '', '0', 1, ''),
(11, 0, 'Mrs', 'Samantha', 'Samantha Prerera', '0774287129', 'samantha@gmail.com', '254564545', '', '6', '6', '', '', '0', 1, ''),
(13, 0, 'Mr', 'ddd', 'Silva', '32323323232', 'emaiyhl@gmail.com', '2001546855', '', '', '', '', '', '1', 1, ''),
(14, 0, 'Mr', 'fff', 'fff', '55', '', '555', '', '', '', '', '', '1', 1, ''),
(15, 0, 'Mr', '', 'dsd', '0778739820', 'avishan01@gmail.com', '', '', 'No:04, Tharunasewa mawatha, Mahalanda, Moront', 'sdas', 'sdas', '', '1', 1, ''),
(16, 0, 'Mrs', 'rdrdwer', 'Heellooo', '0778739820', 'han01@gmail.com', '', '', 'No:04, Tharunasewa mawatha, Mahalanda, Moront', 'dfsdf', 'dfdsf', '', '1', 1, ''),
(17, 0, 'Mr', '', 'sdsadsad', '0778739820', 'chamithkavishan01@gmail.com', '', '', 'No:04, Tharunasewa mawatha, Mahalanda, Moront', 'sadsad', 'asdsadad', '', '1', 1, ''),
(18, 4, 'Mr', '', 'Test Customer Cus del', '03224343', 'test111@dgd.com', '', '', 'asdasdsd', 'asdasdasd', 'sadasdasda', 'deliver loca', '1', 1, ''),
(19, 4, 'Mr', '', 'Test Cust', '324324324234', 'fdsf@123123.com', '', '', 'dadsadsad', 'dsadsd', 'dasdsadasd', 'da', '1', 1, ''),
(20, 5, 'Mr', '', 'Customer', '2343324', '01@gmail.com', '', '', '324324', '324324324', '324324324', '324324324', '1', 1, '');

-- --------------------------------------------------------

--
-- Table structure for table `customer_category`
--

CREATE TABLE `customer_category` (
  `idCustomer_Category` int(11) NOT NULL,
  `Description` varchar(45) NOT NULL,
  `Credit_Limit` varchar(45) NOT NULL,
  `Branch_idBranch` int(11) NOT NULL
) ENGINE=MyISAM DEFAULT CHARSET=utf8mb4 COLLATE=utf8mb4_unicode_ci;

--
-- Dumping data for table `customer_category`
--

INSERT INTO `customer_category` (`idCustomer_Category`, `Description`, `Credit_Limit`, `Branch_idBranch`) VALUES
(1, 'New Cattt', '100000', 1),
(2, 'New One', '100', 1),
(3, 'qwer', '1000', 1),
(4, 'sadasd', '3432432', 1),
(5, '30 Days', '30', 1);

-- --------------------------------------------------------

--
-- Table structure for table `customer_credit_log`
--

CREATE TABLE `customer_credit_log` (
  `idCustomer_Credit_Log` int(11) NOT NULL,
  `Customer_idCustomer` int(11) NOT NULL,
  `Date_Time` varchar(45) DEFAULT NULL,
  `Due_Date` date NOT NULL,
  `Type` varchar(45) DEFAULT NULL,
  `Type_Id` varchar(45) DEFAULT NULL,
  `Credit` varchar(45) DEFAULT NULL,
  `Debit` varchar(45) DEFAULT NULL,
  `Total_Credit_Balance` varchar(45) DEFAULT NULL,
  `Payment_Type` varchar(45) DEFAULT NULL,
  `Payment_Method` varchar(45) DEFAULT NULL,
  `Cheque_Type` varchar(45) DEFAULT NULL,
  `Cheque_No` varchar(45) DEFAULT NULL,
  `Cheque_Date` varchar(45) DEFAULT NULL,
  `Cheque_Name` varchar(45) DEFAULT NULL,
  `Branch_idBranch` int(11) NOT NULL
) ENGINE=InnoDB DEFAULT CHARSET=latin1 COLLATE=latin1_swedish_ci;

--
-- Dumping data for table `customer_credit_log`
--

INSERT INTO `customer_credit_log` (`idCustomer_Credit_Log`, `Customer_idCustomer`, `Date_Time`, `Due_Date`, `Type`, `Type_Id`, `Credit`, `Debit`, `Total_Credit_Balance`, `Payment_Type`, `Payment_Method`, `Cheque_Type`, `Cheque_No`, `Cheque_Date`, `Cheque_Name`, `Branch_idBranch`) VALUES
(4, 6, '2024-03-18 13:39:32', '0000-00-00', 'INVOICE', '7', '111', '0', '111', '-', '-', '-', '-', '-', '-', 1),
(5, 6, '2024-03-18 14:52:26', '0000-00-00', 'INVOICE', '8', '346.89999999999964', '0', '457.89999999999964', '-', '-', '-', '-', '-', '-', 1),
(6, 7, '2024-03-18 16:24:20', '0000-00-00', 'INVOICE', '9', '217.5', '0', '0', '-', '-', '-', '-', '-', '-', 1),
(7, 6, '2024-03-18 17:05:35', '0000-00-00', 'PAYMENT', '0', '0', '200', '257.89999999999964', 'half', 'cash', 'cash', '', '', '', 1),
(8, 6, '2024-03-25 17:06:10', '0000-00-00', 'PAYMENT', '0', '0', '240', '17.899999999999636', 'half', 'cheque', 'cash', '55', '2024-03-19', '555', 1),
(9, 6, '2024-03-18 17:06:45', '0000-00-00', 'PAYMENT', '0', '0', '5', '12.899999999999636', 'half', 'cash', 'cash', '', '', '', 1),
(10, 6, '2024-03-18 17:10:36', '0000-00-00', 'PAYMENT', '0', '0', '5', '7.899999999999636', 'half', 'cash', 'cash', '', '', '', 1),
(11, 7, '2024-03-26 17:17:38', '0000-00-00', 'PAYMENT', '0', '0', '5', '212.5', 'half', 'cheque', 'cash', '', '', '', 1),
(12, 7, '2024-03-18 17:17:49', '0000-00-00', 'PAYMENT', '0', '0', '55', '157.5', 'half', 'cash', 'cash', '', '', '', 1),
(13, 6, '2024-03-28 16:39:42', '0000-00-00', 'INVOICE', '12', '1361.1950000000002', '0', '1369.0949999999998', '-', '-', '-', '-', '-', '-', 1),
(14, 6, '2024-03-28 16:41:00', '0000-00-00', 'INVOICE', '13', '7117.7496', '0', '8486.8446', '-', '-', '-', '-', '-', '-', 1),
(15, 7, '2024-03-29 16:01:56', '0000-00-00', 'INVOICE', '16', '0.002499999999940883', '0', '157.50249999999994', '-', '-', '-', '-', '-', '-', 1),
(16, 14, '2024-04-08 16:39:19', '0000-00-00', 'INVOICE', '21', '44', '0', '44', '-', '-', '-', '-', '-', '-', 1),
(17, 14, '2024-04-08 16:44:10', '0000-00-00', 'INVOICE', '22', '555', '0', '599', '-', '-', '-', '-', '-', '-', 1),
(18, 14, '2024-04-08 18:03:16', '0000-00-00', 'PAYMENT', '0', '0', '599', '0', 'half', 'cash', 'cash', '', '', '', 1),
(19, 14, '2024-04-08 18:05:06', '0000-00-00', 'PAYMENT', '0', '0', '10', '-10', 'half', 'online', '', '', '', '', 1),
(20, 14, '2024-04-08 18:05:31', '0000-00-00', 'PAYMENT', '0', '0', '10', '-20', 'half', 'Online', '', '', '', '', 1),
(21, 15, '2024-04-09 09:35:17', '0000-00-00', 'INVOICE', '23', '599', '0', '599', '-', '-', '-', '-', '-', '-', 1),
(22, 13, '2024-04-09 09:44:10', '0000-00-00', 'INVOICE', '24', '19574', '0', '19574', '-', '-', '-', '-', '-', '-', 1),
(23, 15, '2024-04-09 11:06:31', '0000-00-00', 'INVOICE', '25', '44', '0', '643', '-', '-', '-', '-', '-', '-', 1),
(24, 15, '2024-04-09 11:06:57', '0000-00-00', 'INVOICE', '26', '44', '0', '687', '-', '-', '-', '-', '-', '-', 1),
(25, 15, '2024-04-09 11:08:05', '0000-00-00', 'INVOICE', '27', '55', '0', '742', '-', '-', '-', '-', '-', '-', 1),
(26, 15, '2024-04-09 11:08:22', '0000-00-00', 'INVOICE', '28', '55', '0', '797', '-', '-', '-', '-', '-', '-', 1),
(27, 15, '2024-04-09 11:17:17', '0000-00-00', 'INVOICE', '29', '44', '0', '841', '-', '-', '-', '-', '-', '-', 1),
(28, 14, '2024-04-09 11:17:34', '0000-00-00', 'INVOICE', '30', '55', '0', '35', '-', '-', '-', '-', '-', '-', 1),
(29, 15, '2024-04-09 11:17:59', '0000-00-00', 'INVOICE', '31', '44', '0', '885', '-', '-', '-', '-', '-', '-', 1),
(30, 15, '2024-04-09 11:18:14', '0000-00-00', 'INVOICE', '32', '44', '0', '929', '-', '-', '-', '-', '-', '-', 1),
(31, 15, '2024-04-10 10:46:36', '0000-00-00', 'CUSTOMER RETURN', '20', '-', '125.4', '1054.4', '-', '-', '-', '-', '-', '-', 1),
(32, 15, '2024-04-10 10:47:03', '0000-00-00', 'CUSTOMER RETURN', '20', '-', '125.4', '1179.8000000000002', '-', '-', '-', '-', '-', '-', 1),
(33, 15, '2024-04-10 10:47:55', '0000-00-00', 'CUSTOMER RETURN', '21', '-', '418', '1597.8000000000002', '-', '-', '-', '-', '-', '-', 1),
(34, 15, '2024-04-10 10:55:46', '0000-00-00', 'CUSTOMER RETURN', '23', '-', '125.4', '1723.2000000000003', '-', '-', '-', '-', '-', '-', 1),
(35, 14, '2024-04-10 10:56:26', '0000-00-00', 'CUSTOMER RETURN', '22', '-', '46', '81', '-', '-', '-', '-', '-', '-', 1),
(36, 15, '2024-04-10 10:57:35', '0000-00-00', 'CUSTOMER RETURN', '24', '-', '125.4', '1848.6000000000004', '-', '-', '-', '-', '-', '-', 1),
(37, 15, '2024-04-10 10:59:05', '0000-00-00', 'CUSTOMER RETURN', '25', '-', '125.4', '1974.0000000000005', '-', '-', '-', '-', '-', '-', 1),
(38, 15, '2024-04-10 10:59:22', '0000-00-00', 'CUSTOMER RETURN', '26', '-', '418', '2392.0000000000005', '-', '-', '-', '-', '-', '-', 1),
(39, 15, '2024-04-10 16:27:57', '0000-00-00', 'INVOICE', '33', '44', '0', '2436.0000000000005', '-', '-', '-', '-', '-', '-', 1),
(40, 15, '2024-04-10 16:28:08', '0000-00-00', 'INVOICE', '34', '44', '0', '2480.0000000000005', '-', '-', '-', '-', '-', '-', 1),
(41, 15, '2024-04-10 16:32:16', '0000-00-00', 'INVOICE', '35', '44', '0', '2524.0000000000005', '-', '-', '-', '-', '-', '-', 1),
(42, 15, '2024-04-10 16:42:45', '0000-00-00', 'INVOICE', '36', '44', '0', '2568.0000000000005', '-', '-', '-', '-', '-', '-', 1),
(43, 15, '2024-04-10 16:43:55', '0000-00-00', 'INVOICE', '37', '10', '0', '2578.0000000000005', '-', '-', '-', '-', '-', '-', 1),
(44, 14, '2024-04-10 17:41:28', '0000-00-00', 'PAYMENT', '0', '0', '10', '25', 'half', 'Online', 'cash', '', '', '', 1),
(45, 16, '2024-04-10 17:46:06', '0000-00-00', 'INVOICE', '38', '44', '0', '44', '-', '-', '-', '-', '-', '-', 1),
(46, 16, '2024-04-18 12:56:50', '0000-00-00', 'INVOICE', '39', '577421372', '0', '577421416', '-', '-', '-', '-', '-', '-', 1),
(47, 16, '2024-04-18 12:57:35', '0000-00-00', 'PAYMENT', '0', '0', '10', '577421406', 'half', 'cash', '', '', '', '', 1),
(48, 16, '2024-04-18 12:57:45', '0000-00-00', 'PAYMENT', '0', '0', '232', '577421174', 'half', 'cash', '', '', '', '', 1),
(49, 16, '2024-04-18 12:58:11', '0000-00-00', 'PAYMENT', '0', '0', '100000000', '477421174', 'half', 'cash', '', '', '', '', 1),
(50, 16, '2024-04-18 12:58:17', '0000-00-00', 'PAYMENT', '0', '0', '213123123', '264298051', 'half', 'cash', '', '', '', '', 1),
(51, 16, '2024-04-18 12:58:20', '0000-00-00', 'PAYMENT', '0', '0', '23213233', '241084818', 'half', 'cash', '', '', '', '', 1),
(52, 16, '2024-04-18 12:58:29', '0000-00-00', 'PAYMENT', '0', '0', '213123312', '51174739', 'half', 'cash', '', '', '', '', 1),
(53, 16, '2024-04-18 12:58:34', '0000-00-00', 'PAYMENT', '0', '0', '213123312', '51174739', 'half', 'cash', '', '', '', '', 1),
(54, 16, '2024-04-18 12:58:37', '0000-00-00', 'PAYMENT', '0', '0', '213123312', '51174739', 'half', 'cash', '', '', '', '', 1),
(55, 16, '2024-04-18 12:58:40', '0000-00-00', 'PAYMENT', '0', '0', '213123312', '51174739', 'half', 'cash', '', '', '', '', 1),
(56, 16, '2024-04-18 12:58:52', '0000-00-00', 'PAYMENT', '0', '0', '2321323131', '-2057025080', 'half', 'Online', '', '', '', '', 1),
(57, 16, '2024-04-19 16:16:10', '0000-00-00', 'CUSTOMER RETURN', '68', '-', '55', '-2057025025', '-', '-', '-', '-', '-', '-', 1),
(58, 14, '2024-04-19 16:16:24', '0000-00-00', 'CUSTOMER RETURN', '67', '-', '46', '71', '-', '-', '-', '-', '-', '-', 1),
(59, 16, '2024-04-19 16:17:11', '0000-00-00', 'CUSTOMER RETURN', '66', '-', '55', '-2057024970', '-', '-', '-', '-', '-', '-', 1),
(60, 16, '2024-04-19 16:19:35', '0000-00-00', 'CUSTOMER RETURN', '65', '-', '34324', '-2056990646', '-', '-', '-', '-', '-', '-', 1),
(61, 16, '2024-04-19 16:21:06', '0000-00-00', 'CUSTOMER RETURN', '64', '-', '101', '-2056990545', '-', '-', '-', '-', '-', '-', 1),
(62, 16, '2024-04-19 16:32:52', '0000-00-00', 'CUSTOMER RETURN', '63', '-', '46', '-2056990499', '-', '-', '-', '-', '-', '-', 1),
(63, 16, '2024-04-19 16:33:24', '0000-00-00', 'CUSTOMER RETURN', '62', '-', '46', '-2056990453', '-', '-', '-', '-', '-', '-', 1),
(64, 16, '2024-04-19 16:33:27', '0000-00-00', 'CUSTOMER RETURN', '61', '-', '46', '-2056990407', '-', '-', '-', '-', '-', '-', 1),
(65, 16, '2024-04-22 09:45:50', '0000-00-00', 'PAYMENT', '0', '0', '23424', '264274627', 'half', 'Cheque', '', '', '', '', 1),
(66, 16, '2024-04-22 14:14:49', '0000-00-00', 'INVOICE', '40', '648648', '0', '264923275', '-', '-', '-', '-', '-', '-', 1),
(67, 16, '2024-04-22 14:14:54', '0000-00-00', 'INVOICE', '41', '648648', '0', '265571923', '-', '-', '-', '-', '-', '-', 1),
(68, 16, '2024-04-22 14:14:56', '0000-00-00', 'INVOICE', '42', '648648', '0', '266220571', '-', '-', '-', '-', '-', '-', 1),
(69, 16, '2024-04-22 14:15:07', '0000-00-00', 'INVOICE', '43', '648648', '0', '266869219', '-', '-', '-', '-', '-', '-', 1),
(70, 16, '2024-04-22 14:15:50', '0000-00-00', 'INVOICE', '44', '648648', '0', '267517867', '-', '-', '-', '-', '-', '-', 1),
(71, 16, '2024-04-22 14:16:21', '0000-00-00', 'INVOICE', '45', '648648', '0', '268166515', '-', '-', '-', '-', '-', '-', 1),
(72, 16, '2024-04-22 14:18:48', '0000-00-00', 'INVOICE', '46', '648648', '0', '268815163', '-', '-', '-', '-', '-', '-', 1),
(73, 16, '2024-04-22 14:18:54', '0000-00-00', 'INVOICE', '47', '648648', '0', '269463811', '-', '-', '-', '-', '-', '-', 1),
(74, 16, '2024-04-22 14:19:41', '0000-00-00', 'INVOICE', '48', '324324', '0', '269788135', '-', '-', '-', '-', '-', '-', 1),
(75, 16, '2024-04-22 14:44:48', '0000-00-00', 'INVOICE', '49', '324324', '0', '270112459', '-', '-', '-', '-', '-', '-', 1),
(76, 16, '2024-04-22 14:45:26', '0000-00-00', 'INVOICE', '50', '324324', '0', '270436783', '-', '-', '-', '-', '-', '-', 1),
(77, 16, '2024-04-22 14:47:07', '0000-00-00', 'INVOICE', '51', '324324', '0', '270761107', '-', '-', '-', '-', '-', '-', 1),
(78, 16, '2024-04-22 14:47:54', '0000-00-00', 'INVOICE', '52', '324324', '0', '271085431', '-', '-', '-', '-', '-', '-', 1),
(79, 16, '2024-04-22 17:15:01', '0000-00-00', 'INVOICE', '53', '123123', '0', '271208554', '-', '-', '-', '-', '-', '-', 1),
(80, 16, '2024-04-24 10:41:13', '0000-00-00', 'INVOICE', '54', '324324', '0', '271532878', '-', '-', '-', '-', '-', '-', 1),
(81, 16, '2024-04-24 10:42:03', '0000-00-00', 'INVOICE', '55', '324324', '0', '271857202', '-', '-', '-', '-', '-', '-', 1),
(82, 15, '2024-04-24 10:46:16', '0000-00-00', 'INVOICE', '56', '123123', '0', '125701', '-', '-', '-', '-', '-', '-', 1),
(83, 16, '2024-04-24 15:52:24', '0000-00-00', 'INVOICE', '57', '570570', '0', '272427772', '-', '-', '-', '-', '-', '-', 1),
(84, 16, '2024-04-24 15:53:18', '0000-00-00', 'INVOICE', '58', '324869', '0', '272752641', '-', '-', '-', '-', '-', '-', 1),
(85, 15, '2024-04-24 15:55:48', '0000-00-00', 'INVOICE', '59', '44', '0', '125745', '-', '-', '-', '-', '-', '-', 1),
(86, 16, '2024-04-24 16:00:42', '0000-00-00', 'INVOICE', '60', '648648', '0', '273401289', '-', '-', '-', '-', '-', '-', 1),
(87, 16, '2024-04-24 16:01:48', '0000-00-00', 'INVOICE', '61', '648648', '0', '274049937', '-', '-', '-', '-', '-', '-', 1),
(88, 16, '2024-04-24 17:10:02', '0000-00-00', 'INVOICE', '62', '648648', '0', '274698585', '-', '-', '-', '-', '-', '-', 1),
(89, 16, '2024-04-24 17:17:06', '0000-00-00', 'INVOICE', '63', '123123', '0', '274821708', '-', '-', '-', '-', '-', '-', 1),
(90, 16, '2024-04-24 18:22:25', '0000-00-00', 'INVOICE', '65', '447992', '0', '275269700', '-', '-', '-', '-', '-', '-', 1),
(91, 16, '2024-04-25 12:54:22', '0000-00-00', 'INVOICE', '66', '123123', '0', '275392823', '-', '-', '-', '-', '-', '-', 1),
(92, 16, '2024-04-25 13:16:02', '0000-00-00', 'INVOICE', '68', '10', '0', '275392833', '-', '-', '-', '-', '-', '-', 1),
(93, 20, '2024-04-29 15:10:36', '0000-00-00', 'INVOICE', '70', '20', '0', '20', '-', '-', '-', '-', '-', '-', 1),
(94, 20, '2024-04-29 15:11:15', '0000-00-00', 'INVOICE', '71', '10', '0', '30', '-', '-', '-', '-', '-', '-', 1),
(95, 20, '2024-04-29 15:11:59', '0000-00-00', 'INVOICE', '72', '20', '0', '50', '-', '-', '-', '-', '-', '-', 1),
(96, 20, '2024-04-29 15:12:52', '0000-00-00', 'INVOICE', '73', '10', '0', '60', '-', '-', '-', '-', '-', '-', 1),
(97, 20, '2024-04-29 15:13:30', '0000-00-00', 'INVOICE', '74', '10', '0', '70', '-', '-', '-', '-', '-', '-', 1),
(98, 20, '2024-04-29 15:14:05', '0000-00-00', 'INVOICE', '75', '10', '0', '80', '-', '-', '-', '-', '-', '-', 1),
(99, 20, '2024-04-29 16:04:18', '0000-00-00', '2024-05-29', '76', '123123', '0', '123203', '-', '-', '-', '-', '-', '-', 1),
(100, 20, '2024-04-29 16:06:00', '0000-00-00', '2024-05-29', '77', '20', '0', '123223', '-', '-', '-', '-', '-', '-', 1),
(101, 20, '2024-04-29 16:15:03', '2024-05-29', 'INVOICE', '78', '20', '0', '123243', '-', '-', '-', '-', '-', '-', 1),
(102, 20, '2024-04-29 17:10:14', '2024-05-29', 'INVOICE', '79', '20', '0', '123263', '-', '-', '-', '-', '-', '-', 1),
(103, 20, '2024-04-29 17:11:15', '2024-05-29', 'INVOICE', '80', '20', '0', '123283', '-', '-', '-', '-', '-', '-', 1),
(104, 20, '2024-04-29 17:45:50', '0000-00-00', 'PAYMENT', '0', '0', '80', '0', 'half', 'cash', '', '', '', '', 1),
(105, 20, '2024-05-08 16:53:51', '0000-00-00', 'INVOICE', '90', '20', '0', '20', '-', '-', '-', '-', '-', '-', 1),
(106, 20, '2024-05-19 19:11:28', '0000-00-00', 'INVOICE', '91', '20', '0', '40', '-', '-', '-', '-', '-', '-', 1),
(107, 25, '2024-06-10 10:20:51', '0000-00-00', 'INVOICE', '92', '1000', '0', '1000', '-', '-', '-', '-', '-', '-', 1),
(108, 20, '2024-06-10 10:21:16', '0000-00-00', 'INVOICE', '93', '123123', '0', '123163', '-', '-', '-', '-', '-', '-', 1),
(109, 19, '2024-06-10 10:21:36', '0000-00-00', 'INVOICE', '94', '10', '0', '10', '-', '-', '-', '-', '-', '-', 1);

-- --------------------------------------------------------

--
-- Table structure for table `customer_return`
--

CREATE TABLE `customer_return` (
  `idCustomer_Return` int(11) NOT NULL,
  `Date` varchar(45) DEFAULT NULL,
  `Reason` text DEFAULT NULL,
  `Total_Amount` varchar(45) DEFAULT NULL,
  `Item_Count` varchar(45) DEFAULT NULL,
  `Status` varchar(45) DEFAULT NULL,
  `Customer_idCustomer` int(11) NOT NULL,
  `Branch_idBranch` int(11) NOT NULL
) ENGINE=MyISAM DEFAULT CHARSET=utf8mb4 COLLATE=utf8mb4_unicode_ci;

--
-- Dumping data for table `customer_return`
--

INSERT INTO `customer_return` (`idCustomer_Return`, `Date`, `Reason`, `Total_Amount`, `Item_Count`, `Status`, `Customer_idCustomer`, `Branch_idBranch`) VALUES
(49, '2024-04-19', '', '34324', '1', '0', 16, 1),
(48, '2024-04-19', '', '34324', '1', '0', 16, 1),
(47, '2024-04-19', '', '34324', '1', '0', 16, 1),
(46, '2024-04-10', '', '1672', '2', '0', 15, 1),
(45, '2024-04-10', '', '41800', '1', '0', 15, 1),
(44, '2024-04-10', '', '4180', '1', '0', 14, 1),
(43, '2024-04-10', '', '41800', '1', '0', 14, 1),
(50, '2024-04-19', '', '34324', '1', '0', 16, 1),
(51, '2024-04-19', '', '34324', '1', '0', 16, 1),
(52, '2024-04-19', '', '34324', '1', '0', 16, 1),
(53, '2024-04-19', '', '34324', '1', '0', 16, 1),
(54, '2024-04-19', '', '34324', '1', '0', 16, 1),
(55, '2024-04-19', '', '34324', '1', '0', 16, 1),
(56, '2024-04-19', '', '34324', '1', '0', 16, 1),
(57, '2024-04-19', '', '34324', '1', '0', 16, 1),
(58, '2024-04-19', '', '68648', '1', '0', 16, 1),
(59, '2024-04-19', '', '68648', '1', '0', 16, 1),
(60, '2024-04-19', '', '46', '1', '0', 16, 1),
(61, '2024-04-19', '', '46', '1', '1', 16, 1),
(62, '2024-04-19', '', '46', '1', '1', 16, 1),
(63, '2024-04-19', '', '46', '1', '1', 16, 1),
(64, '2024-04-19', '', '101', '2', '1', 16, 1),
(65, '2024-04-19', '', '34324', '1', '1', 16, 1),
(66, '2024-04-19', '', '55', '1', '1', 16, 1),
(67, '2024-04-19', '', '46', '1', '1', 14, 1),
(68, '2024-04-19', '', '55', '1', '1', 16, 1),
(69, '2024-04-22', '', '213', '1', '0', 16, 1),
(70, '2024-04-22', '', '34379', '2', '0', 16, 1);

-- --------------------------------------------------------

--
-- Table structure for table `customer_return_has_item`
--

CREATE TABLE `customer_return_has_item` (
  `ID` int(11) NOT NULL,
  `Customer_Return_idCustomer_Return` int(11) NOT NULL,
  `Item_idItem` int(11) NOT NULL,
  `Item_Description` varchar(45) DEFAULT NULL,
  `Cost` varchar(45) DEFAULT NULL,
  `Qty_Type` varchar(45) DEFAULT NULL,
  `Qty` varchar(45) DEFAULT NULL,
  `Total` varchar(45) DEFAULT NULL,
  `Branch_idBranch` int(11) NOT NULL
) ENGINE=MyISAM DEFAULT CHARSET=utf8mb4 COLLATE=utf8mb4_unicode_ci;

--
-- Dumping data for table `customer_return_has_item`
--

INSERT INTO `customer_return_has_item` (`ID`, `Customer_Return_idCustomer_Return`, `Item_idItem`, `Item_Description`, `Cost`, `Qty_Type`, `Qty`, `Total`, `Branch_idBranch`) VALUES
(76, 49, 19, 'New item 2', '34324', NULL, '1', '34324', 1),
(75, 48, 19, 'New item 2', '34324', NULL, '1', '34324', 1),
(74, 47, 19, 'New item 2', '34324', NULL, '1', '34324', 1),
(73, 46, 7, '44', '418', NULL, '1', '418', 1),
(72, 46, 8, '82', '125.4', NULL, '10', '1254', 1),
(66, 45, 7, '44', '418', NULL, '100', '41800', 1),
(77, 50, 19, 'New item 2', '34324', NULL, '1', '34324', 1),
(78, 51, 19, 'New item 2', '34324', NULL, '1', '34324', 1),
(79, 52, 19, 'New item 2', '34324', NULL, '1', '34324', 1),
(80, 53, 19, 'New item 2', '34324', NULL, '1', '34324', 1),
(81, 54, 19, 'New item 2', '34324', NULL, '1', '34324', 1),
(82, 55, 19, 'New item 2', '34324', NULL, '1', '34324', 1),
(83, 56, 19, 'New item 2', '34324', NULL, '1', '34324', 1),
(84, 57, 19, 'New item 2', '34324', NULL, '1', '34324', 1),
(88, 58, 19, 'New item 2', '34324', NULL, '2', '68648', 1),
(93, 59, 19, 'New item 2', '34324', NULL, '2', '68648', 1),
(94, 60, 16, 'descriptio', '46', NULL, '1', '46', 1),
(95, 61, 16, 'descriptio', '46', NULL, '1', '46', 1),
(96, 62, 16, 'descriptio', '46', NULL, '1', '46', 1),
(97, 63, 16, 'descriptio', '46', NULL, '1', '46', 1),
(98, 64, 16, 'descriptio', '46', NULL, '1', '46', 1),
(99, 64, 15, 'yyy', '55', NULL, '1', '55', 1),
(100, 65, 19, 'New item 2', '34324', NULL, '1', '34324', 1),
(101, 66, 15, 'yyy', '55', NULL, '1', '55', 1),
(102, 67, 16, 'descriptio', '46', NULL, '1', '46', 1),
(103, 68, 15, 'yyy', '55', NULL, '1', '55', 1),
(104, 69, 18, 'New item', '213', NULL, '1', '213', 1),
(105, 70, 15, 'yyy', '55', NULL, '1', '55', 1),
(106, 70, 19, 'New item 2', '34324', NULL, '1', '34324', 1);

-- --------------------------------------------------------

--
-- Table structure for table `customer_return_has_item_serial_no`
--

CREATE TABLE `customer_return_has_item_serial_no` (
  `ID` int(11) NOT NULL,
  `Customer_Return_idCustomer_Return` int(11) NOT NULL,
  `Item_Serial_No_id` int(11) NOT NULL
) ENGINE=MyISAM DEFAULT CHARSET=latin1 COLLATE=latin1_swedish_ci;

--
-- Dumping data for table `customer_return_has_item_serial_no`
--

INSERT INTO `customer_return_has_item_serial_no` (`ID`, `Customer_Return_idCustomer_Return`, `Item_Serial_No_id`) VALUES
(1, 57, 6),
(2, 58, 6),
(3, 58, 7),
(13, 59, 6),
(12, 59, 7),
(14, 65, 12),
(15, 70, 6);

-- --------------------------------------------------------

--
-- Table structure for table `damage_has_item_serial_no`
--

CREATE TABLE `damage_has_item_serial_no` (
  `ID` int(11) NOT NULL,
  `Damage_Note_idDamage_Note` int(11) NOT NULL,
  `Item_Serial_No_id` int(11) NOT NULL
) ENGINE=MyISAM DEFAULT CHARSET=latin1 COLLATE=latin1_swedish_ci;

--
-- Dumping data for table `damage_has_item_serial_no`
--

INSERT INTO `damage_has_item_serial_no` (`ID`, `Damage_Note_idDamage_Note`, `Item_Serial_No_id`) VALUES
(1, 16, 13);

-- --------------------------------------------------------

--
-- Table structure for table `damage_note`
--

CREATE TABLE `damage_note` (
  `idDamage_Note` int(11) NOT NULL,
  `Date` varchar(45) DEFAULT NULL,
  `Reason` text DEFAULT NULL,
  `Total_Amount` varchar(45) DEFAULT NULL,
  `Item_Count` varchar(45) DEFAULT NULL,
  `Status` varchar(45) DEFAULT NULL,
  `Branch_idBranch` int(11) NOT NULL
) ENGINE=InnoDB DEFAULT CHARSET=latin1 COLLATE=latin1_swedish_ci;

--
-- Dumping data for table `damage_note`
--

INSERT INTO `damage_note` (`idDamage_Note`, `Date`, `Reason`, `Total_Amount`, `Item_Count`, `Status`, `Branch_idBranch`) VALUES
(1, '2024-03-19', 'ee', '55.5', '1', '0', 1),
(2, '2024-03-06', 'gg', '418', '1', '0', 1),
(3, '2024-03-28', 'nhh', '418', '1', '0', 1),
(4, '2024-03-28', 'reason', '128.04', '1', '0', 1),
(5, '2024-03-28', 'note\n', '437.7125', '1', '0', 1),
(6, '2024-04-18', 'sfrsfsd', '5624190', '1', '0', 1),
(7, '2024-04-19', 'sdfsdfdf', '46', '1', '0', 1),
(8, '2024-04-19', 'fdfsdffdd', '34324', '1', '0', 1),
(9, '2024-04-19', 'asdsadasd', '34324', '1', '0', 1),
(10, '2024-04-19', 'Reason', '68648', '1', '0', 1),
(11, '2024-04-19', 'Reason', '34324', '1', '0', 1),
(12, '2024-04-19', 'asdsadf', '34324', '1', '0', 1),
(13, '2024-04-19', 'sdffdf', '34324', '1', '0', 1),
(14, '2024-04-19', 'sdfsdfd', '34324', '1', '0', 1),
(15, '2024-04-19', 'dfgdfg', '34324', '1', '0', 1),
(16, '2024-04-19', 'fghjfgh', '34324', '1', '0', 1);

-- --------------------------------------------------------

--
-- Table structure for table `damage_note_has_item`
--

CREATE TABLE `damage_note_has_item` (
  `ID` int(11) NOT NULL,
  `Damage_Note_idDamage_Note` int(11) NOT NULL,
  `Item_idItem` int(11) NOT NULL,
  `Item_Description` varchar(45) DEFAULT NULL,
  `Cost` varchar(45) DEFAULT NULL,
  `Qty` varchar(45) DEFAULT NULL,
  `Total` varchar(45) DEFAULT NULL,
  `Branch_idBranch` int(11) NOT NULL
) ENGINE=InnoDB DEFAULT CHARSET=latin1 COLLATE=latin1_swedish_ci;

--
-- Dumping data for table `damage_note_has_item`
--

INSERT INTO `damage_note_has_item` (`ID`, `Damage_Note_idDamage_Note`, `Item_idItem`, `Item_Description`, `Cost`, `Qty`, `Total`, `Branch_idBranch`) VALUES
(1, 1, 5, 'ff', '55.5', '1', '55.5', 1),
(2, 2, 7, '44', '418', '1', '418', 1),
(3, 3, 7, '44', '418', '1', '418', 1),
(4, 4, 8, '82', '128.04', '1', '128.04', 1),
(5, 5, 5, 'ff', '437.7125', '1', '437.7125', 1),
(6, 6, 7, '44', '418', '13455', '5624190', 1),
(7, 7, 16, 'descriptio', '46', '1', '46', 1),
(8, 8, 19, 'New item 2', '34324', '1', '34324', 1),
(9, 9, 19, 'New item 2', '34324', '1', '34324', 1),
(10, 10, 19, 'New item 2', '34324', '2', '68648', 1),
(11, 11, 19, 'New item 2', '34324', '1', '34324', 1),
(12, 12, 19, 'New item 2', '34324', '1', '34324', 1),
(13, 13, 19, 'New item 2', '34324', '1', '34324', 1),
(14, 14, 19, 'New item 2', '34324', '1', '34324', 1),
(15, 15, 19, 'New item 2', '34324', '1', '34324', 1),
(16, 16, 19, 'New item 2', '34324', '1', '34324', 1);

-- --------------------------------------------------------

--
-- Table structure for table `employee`
--

CREATE TABLE `employee` (
  `Employee_Name` varchar(100) NOT NULL,
  `Employee_NIC` varchar(20) NOT NULL,
  `Employee_Number` int(11) NOT NULL,
  `ETF_No` varchar(50) NOT NULL,
  `Contact_No` varchar(15) DEFAULT NULL,
  `Branch_idBranch` int(11) NOT NULL
) ENGINE=InnoDB DEFAULT CHARSET=utf8mb4 COLLATE=utf8mb4_general_ci;

--
-- Dumping data for table `employee`
--

INSERT INTO `employee` (`Employee_Name`, `Employee_NIC`, `Employee_Number`, `ETF_No`, `Contact_No`, `Branch_idBranch`) VALUES
('asdad', '123456789122', 1, '123123', '112313123', 1),
('asd', '123456789012', 12, '12345', '1234567890', 1);

-- --------------------------------------------------------

--
-- Table structure for table `grn`
--

CREATE TABLE `grn` (
  `idGRN` int(11) NOT NULL,
  `Date` varchar(45) DEFAULT NULL,
  `Supplier_idSupplier` int(11) NOT NULL,
  `Bill_no` varchar(45) DEFAULT NULL,
  `Items_Count` varchar(45) DEFAULT NULL,
  `Total_Amount` varchar(45) DEFAULT NULL,
  `Bill_Discount` varchar(45) DEFAULT NULL,
  `Discount_Amount` varchar(45) DEFAULT NULL,
  `Net_Total` varchar(45) DEFAULT NULL,
  `Paid_Amount` varchar(45) DEFAULT NULL,
  `Credit_Balance_Amount` varchar(45) DEFAULT NULL,
  `Status` varchar(45) DEFAULT NULL,
  `Branch_idBranch` int(11) NOT NULL
) ENGINE=InnoDB DEFAULT CHARSET=latin1 COLLATE=latin1_swedish_ci;

--
-- Dumping data for table `grn`
--

INSERT INTO `grn` (`idGRN`, `Date`, `Supplier_idSupplier`, `Bill_no`, `Items_Count`, `Total_Amount`, `Bill_Discount`, `Discount_Amount`, `Net_Total`, `Paid_Amount`, `Credit_Balance_Amount`, `Status`, `Branch_idBranch`) VALUES
(1, '2024-03-14', 1, '44', '2', '873', '2', '17.46', '855.54', NULL, NULL, '0', 1),
(2, '2024-03-14', 1, '44', '2', '873', '2', '17.46', '855.54', '0', '', '1', 1),
(3, '2024-03-14', 1, '44', '1', '500', '0', '0', '0', '0', '', '1', 1),
(4, '2024-03-11', 1, '55', '1', '8110', '4', '324.4', '7785.6', '3150', '0', '1', 1),
(5, '2024-03-11', 1, '5555', '1', '8110', '4', '324.4', '7785.6', NULL, NULL, '0', 1),
(6, '2024-03-11', 1, '32', '2', '3200', '6', '36', '3008', '600', '', '1', 1),
(7, '2024-03-18', 1, '', '1', '500', '6', '30', '470', '0', '470', '0', 1),
(8, '2024-03-19', 1, 'ddd', '1', '44', '', '0', '44', '44', '0', '1', 1),
(9, '2024-03-23', 1, '22', '1', '88', '', '0', '88', '444', '2658', '1', 1),
(10, '2024-03-23', 1, 'ff', '1', '500', '', '0', '500', '45445', NULL, '1', 1),
(11, '2024-03-23', 2, '4', '1', '44', '', '0', '44', '44', '0', '1', 1),
(12, '2024-03-23', 1, '', '1', '500', '6', '30', '470', '522', '470', '1', 1),
(13, '2024-03-23', 3, '', '2', '5440', '', '0', '5440', '5440', '0', '1', 1),
(14, '2024-03-23', 1, '', '1', '500', '', '0', '500', '55', NULL, '1', 1),
(15, '2024-03-23', 3, '', '1', '500', '', '0', '500', '', '500', '1', 1),
(16, '2024-03-23', 3, '', '1', '5000', '', '0', '5000', '60', NULL, '1', 1),
(17, '2024-03-23', 3, '', '1', '500', '', '0', '500', '500', '0', '1', 1),
(18, '2024-03-25', 3, 'dd', '3', '1440', '5', '47', '1368', '1368', '0', '1', 1),
(19, '2024-03-26', 1, '5555', '2', '583.25', '5', '29.1625', '554.0875', '0', '554.0875', '0', 1),
(20, '2024-03-26', 1, '5555', '2', '583.25', '5', '29.1625', '554.0875', '0', '554.0875', '0', 1),
(21, '2024-03-26', 1, '5555', '2', '583.25', '5', '29.1625', '554.0875', '0', '554.0875', '0', 1),
(22, '2024-03-26', 1, '5555', '2', '583.25', '5', '29.1625', '554.0875', '0', '554.0875', '0', 1),
(23, '2024-03-26', 1, '5555', '2', '583.25', '5', '29.1625', '554.0875', '0', '554.0875', '0', 1),
(24, '2024-03-26', 1, '5555', '2', '583.25', '5', '29.1625', '554.0875', '0', '554.0875', '0', 1),
(25, '2024-03-26', 1, '5555', '2', '583.25', '5', '29.1625', '554.0875', '0', '554.0875', '0', 1),
(26, '2024-03-26', 1, '5555', '2', '583.25', '5', '29.1625', '554.0875', '554.0875', '0', '1', 1),
(27, '2024-03-26', 1, '5555', '2', '583.25', '3', '17.4975', '565.7525', '565.7525', '0', '1', 1),
(28, '2024-04-08', 11, '', '1', '125.4', '', '0', '125.4', '125.4', '0', '1', 1),
(29, '2024-04-08', 17, '', '1', '125.4', '', '0', '125.4', '125.4', '0', '1', 1),
(30, '2024-04-08', 20, '', '1', '55', '', '0', '55', '55', '0', '1', 1),
(31, '2024-04-17', 3, '', '1', '125.4', '', '0', '125.4', '0', '125.4', '0', 1),
(32, '2024-04-17', 3, '323', '2', '157.4', '', '0', '157.4', '0', '157.4', '0', 1),
(33, '2024-04-17', 3, '34234', '1', '32', '', '0', '32', '0', '32', '0', 1),
(34, '2024-04-17', 17, '', '2', '208.16400000000002', '', '0', '208.16400000000002', '0', '208.16400000000002', '0', 1),
(35, '2024-04-17', 3, '', '1', '32', '', '0', '32', '0', '32', '0', 1),
(36, '2024-04-17', 3, '', '1', '32', '', '0', '32', '0', '32', '0', 1),
(37, '2024-04-17', 3, '', '1', '125.4', '', '0', '125.4', '0', '125.4', '0', 1),
(38, '2024-04-17', 17, '', '1', '125.4', '', '0', '125.4', '0', '125.4', '0', 1),
(39, '2024-04-17', 17, '', '1', '125.4', '', '0', '125.4', '0', '125.4', '0', 1),
(40, '2024-04-17', 3, '', '1', '125.4', '', '0', '125.4', '0', '125.4', '0', 1),
(41, '2024-04-17', 3, '', '1', '125.4', '', '0', '125.4', '0', '125.4', '0', 1),
(42, '2024-04-17', 17, '', '1', '125.4', '', '0', '125.4', '0', '125.4', '0', 1),
(43, '2024-04-17', 3, '', '1', '32', '', '0', '32', '0', '32', '0', 1),
(44, '2024-04-17', 3, '', '1', '32', '', '0', '32', '0', '32', '0', 1),
(45, '2024-04-17', 3, '', '1', '32', '', '0', '32', '0', '32', '0', 1),
(46, '2024-04-18', 3, '', '1', '32', '', '0', '32', '0', '32', '0', 1),
(47, '2024-04-18', 3, '', '2', '157.4', '', '0', '157.4', '0', '157.4', '0', 1),
(48, '2024-04-19', 3, '', '1', '46', '', '0', '46', '46', '0', '1', 1),
(49, '2024-04-22', 3, '', '2', '34379', '', '0', '34379', '34379', '0', '1', 1),
(50, '2024-04-22', 3, '', '2', '34370', '', '0', '34370', '34370', '0', '1', 1),
(51, '2024-04-22', 3, '', '1', '34324', '', '0', '34324', '34324', '0', '1', 1),
(52, '2024-04-24', 3, '', '1', '102972', '', '0', '102972', '102972', '0', '1', 1),
(53, '2024-04-24', 3, '', '1', '34324', '', '0', '34324', '34324', '0', '1', 1),
(54, '2024-04-24', 3, '', '1', '102972', '', '0', '102972', '102972', '0', '1', 1),
(55, '2024-04-24', 3, '', '1', '308916', '', '0', '308916', '308916', '0', '1', 1),
(56, '2024-04-24', 3, '', '1', '308916', '', '0', '308916', '308916', '0', '1', 1),
(57, '2024-04-24', 3, '', '1', '308916', '', '0', '308916', '0', '308916', '0', 1),
(58, '2024-04-24', 3, '', '1', '308916', '', '0', '308916', '0', '308916', '0', 1),
(59, '2024-04-24', 3, '', '1', '308916', '', '0', '308916', '0', '308916', '0', 1),
(60, '2024-04-24', 3, '', '1', '308916', '', '0', '308916', '0', '308916', '0', 1),
(61, '2024-04-24', 3, '', '1', '308916', '', '0', '308916', '0', '308916', '0', 1),
(62, '2024-04-24', 3, '', '1', '308916', '', '0', '308916', '0', '308916', '0', 1),
(63, '2024-04-24', 3, '', '1', '617832', '', '0', '617832', '617832', '0', '1', 1),
(64, '2024-04-25', 3, '', '2', '101', '', '0', '101', '0', '101', '0', 1),
(65, '2024-04-25', 3, '', '1', '45440', '', '0', '45440', '45440', '0', '1', 1),
(66, '2024-04-25', 3, '', '1', '100', '', '0', '100', '100', '0', '1', 1),
(67, '2024-04-25', 3, '', '1', '200', '', '0', '200', '200', '0', '1', 1),
(68, '2024-06-10', 3, '', '1', '100', '', '0', '100', '100', '0', '1', 1),
(69, '2024-06-10', 17, '', '1', '200', '', '0', '200', '200', '0', '1', 1);

-- --------------------------------------------------------

--
-- Table structure for table `grn_has_item`
--

CREATE TABLE `grn_has_item` (
  `ID` int(11) NOT NULL,
  `GRN_idGRN` int(11) NOT NULL,
  `Item_idItem` int(11) NOT NULL,
  `Item_Description` varchar(75) DEFAULT NULL,
  `Cost` varchar(45) DEFAULT NULL,
  `Qty_Type` varchar(45) DEFAULT NULL,
  `Qty` varchar(45) DEFAULT NULL,
  `Total` varchar(45) DEFAULT NULL,
  `Discount` varchar(45) DEFAULT NULL,
  `Sub_Total` varchar(45) DEFAULT NULL,
  `Branch_idBranch` int(11) NOT NULL
) ENGINE=InnoDB DEFAULT CHARSET=latin1 COLLATE=latin1_swedish_ci;

--
-- Dumping data for table `grn_has_item`
--

INSERT INTO `grn_has_item` (`ID`, `GRN_idGRN`, `Item_idItem`, `Item_Description`, `Cost`, `Qty_Type`, `Qty`, `Total`, `Discount`, `Sub_Total`, `Branch_idBranch`) VALUES
(3, 3, 1, 'item one', '500', '2', '1', '500', '0', '500', 1),
(4, 4, 2, 'item two', '400', '2', '1.6', '640', '0', '640', 2),
(5, 5, 2, 'item two', '400', '2', '1.6', '640', '0', '640', 2),
(13, 2, 2, 'item two', '400', '2', '1', '388', '3', '400', 2),
(14, 2, 3, 'item three', '500', '2', '1', '485', '3', '500', 3),
(15, 6, 2, 'item two', '400', '3', '7', '2800', '0', '2800', 2),
(16, 6, 2, 'item two', '400', '3', '1', '400', '0', '400', 2),
(17, 7, 3, 'item three', '500', NULL, '1', '500', '0', '500', 3),
(19, 8, 7, '44', '44', NULL, '1', '44', '0', '44', 7),
(20, 9, 8, '82', '88', NULL, '1', '88', '0', '88', 8),
(21, 10, 3, 'item three', '500', NULL, '1', '500', '0', '500', 3),
(22, 11, 7, '44', '44', NULL, '1', '44', '0', '44', 7),
(23, 12, 3, 'item three', '500', NULL, '1', '500', '0', '500', 3),
(24, 13, 7, '44', '44', NULL, '10', '440', '0', '440', 7),
(25, 13, 1, 'item one', '500', NULL, '10', '5000', '0', '5000', 1),
(26, 14, 3, 'item three', '500', NULL, '1', '500', '0', '500', 3),
(27, 15, 3, 'item three', '500', NULL, '1', '500', '0', '500', 3),
(28, 16, 3, 'item three', '500', NULL, '10', '5000', '0', '5000', 3),
(29, 17, 3, 'item three', '500', NULL, '1', '500', '0', '500', 3),
(32, 18, 7, '44', '440', NULL, '1', '440', '0', '440', 7),
(33, 18, 5, 'ff', '500', NULL, '1', '500', '0', '500', 5),
(34, 18, 3, 'item three', '500', NULL, '1', '500', '0', '500', 3),
(35, 19, 5, 'ff', '475', NULL, '1', '451.25', '5', '475', 5),
(36, 19, 8, '82', '88', NULL, '1.5', '132', '0', '132', 8),
(37, 20, 5, 'ff', '475', NULL, '1', '451.25', '5', '475', 5),
(38, 20, 8, '82', '88', NULL, '1.5', '132', '0', '132', 8),
(39, 21, 5, 'ff', '475', NULL, '1', '451.25', '5', '475', 5),
(40, 21, 8, '82', '88', NULL, '1.5', '132', '0', '132', 8),
(41, 22, 5, 'ff', '475', NULL, '1', '451.25', '5', '475', 5),
(42, 22, 8, '82', '88', NULL, '1.5', '132', '0', '132', 8),
(43, 23, 5, 'ff', '475', NULL, '1', '451.25', '5', '475', 5),
(44, 23, 8, '82', '88', NULL, '1.5', '132', '0', '132', 8),
(45, 24, 5, 'ff', '475', NULL, '1', '451.25', '5', '475', 5),
(46, 24, 8, '82', '88', NULL, '1.5', '132', '0', '132', 8),
(47, 25, 5, 'ff', '475', NULL, '1', '451.25', '5', '475', 5),
(48, 25, 8, '82', '88', NULL, '1.5', '132', '0', '132', 8),
(49, 26, 5, 'ff', '475', NULL, '1', '451.25', '5', '475', 5),
(50, 26, 8, '82', '88', NULL, '1.5', '132', '0', '132', 8),
(53, 27, 5, 'ff', '475', NULL, '1', '451.25', '5', '475', 5),
(54, 27, 8, '82', '88', NULL, '1.5', '132', '0', '132', 8),
(55, 28, 8, '82', '125.4', NULL, '1', '125.4', '0', '125.4', 8),
(56, 29, 8, '82', '125.4', NULL, '1', '125.4', '0', '125.4', 8),
(57, 30, 15, 'yyy', '55', NULL, '1', '55', '0', '55', 15),
(58, 31, 8, '82', '125.4', NULL, '1', '125.4', '0', '125.4', 8),
(59, 32, 10, 'dd', '32', NULL, '1', '32', '0', '32', 10),
(60, 32, 8, '82', '125.4', NULL, '1', '125.4', '0', '125.4', 8),
(61, 33, 10, 'dd', '32', NULL, '1', '32', '0', '32', 10),
(62, 34, 8, '82', '125.4', NULL, '1', '125.4', '0', '125.4', 8),
(63, 34, 8, '82', '125.4', NULL, '1', '82.76400000000001', '34', '125.4', 8),
(64, 35, 10, 'dd', '32', NULL, '1', '32', '0', '32', 10),
(65, 36, 10, 'dd', '32', NULL, '1', '32', '0', '32', 10),
(66, 37, 8, '82', '125.4', NULL, '1', '125.4', '0', '125.4', 8),
(67, 38, 8, '82', '125.4', NULL, '1', '125.4', '0', '125.4', 8),
(68, 39, 8, '82', '125.4', NULL, '1', '125.4', '0', '125.4', 8),
(69, 40, 8, '82', '125.4', NULL, '1', '125.4', '0', '125.4', 8),
(70, 41, 8, '82', '125.4', NULL, '1', '125.4', '0', '125.4', 8),
(71, 42, 8, '82', '125.4', NULL, '1', '125.4', '0', '125.4', 8),
(72, 43, 10, 'dd', '32', NULL, '1', '32', '0', '32', 10),
(73, 44, 10, 'dd', '32', NULL, '1', '32', '0', '32', 10),
(74, 45, 10, 'dd', '32', NULL, '1', '32', '0', '32', 10),
(75, 46, 10, 'dd', '32', NULL, '1', '32', '0', '32', 10),
(86, 47, 8, '82', '125.4', NULL, '1', '125.4', '0', '125.4', 8),
(87, 47, 10, 'dd', '32', NULL, '1', '32', '0', '32', 10),
(88, 48, 16, 'descriptio', '46', NULL, '1', '46', '0', '46', 16),
(89, 49, 19, 'New item 2', '34324', NULL, '1', '34324', '0', '34324', 19),
(90, 49, 15, 'yyy', '55', NULL, '1', '55', '0', '55', 15),
(91, 50, 19, 'New item 2', '34324', NULL, '1', '34324', '0', '34324', 19),
(92, 50, 16, 'descriptio', '46', NULL, '1', '46', '0', '46', 16),
(93, 51, 19, 'New item 2', '34324', NULL, '1', '34324', '0', '34324', 19),
(94, 52, 19, 'New item 2', '34324', NULL, '3', '102972', '0', '102972', 19),
(95, 53, 19, 'New item 2', '34324', NULL, '1', '34324', '0', '34324', 19),
(96, 54, 19, 'New item 2', '34324', NULL, '3', '102972', '0', '102972', 19),
(97, 55, 19, 'New item 2', '102972', NULL, '3', '308916', '0', '308916', 19),
(98, 56, 19, 'New item 2', '308916', NULL, '1', '308916', '0', '308916', 19),
(99, 57, 19, 'New item 2', '308916', NULL, '1', '308916', '0', '308916', 19),
(100, 58, 19, 'New item 2', '308916', NULL, '1', '308916', '0', '308916', 19),
(101, 59, 19, 'New item 2', '308916', NULL, '1', '308916', '0', '308916', 19),
(102, 60, 19, 'New item 2', '308916', NULL, '1', '308916', '0', '308916', 19),
(103, 61, 19, 'New item 2', '308916', NULL, '1', '308916', '0', '308916', 19),
(104, 62, 19, 'New item 2', '308916', NULL, '1', '308916', '0', '308916', 19),
(105, 63, 19, 'New item 2', '308916', NULL, '2', '617832', '0', '617832', 19),
(106, 64, 16, 'descriptio', '46', NULL, '1', '46', '0', '46', 16),
(107, 64, 15, 'yyy', '55', NULL, '1', '55', '0', '55', 15),
(108, 65, 21, '5657645764', '4544', NULL, '10', '45440', '0', '45440', 21),
(109, 66, 22, 'tfft', '10', NULL, '10', '100', '0', '100', 22),
(110, 67, 23, 'Hello Sd', '20', NULL, '10', '200', '0', '200', 23),
(111, 68, 22, 'tfft', '100', NULL, '1', '100', '0', '100', 22),
(112, 69, 23, 'Hello Sd', '200', NULL, '1', '200', '0', '200', 23);

-- --------------------------------------------------------

--
-- Table structure for table `invoice`
--

CREATE TABLE `invoice` (
  `idInvoice` int(11) NOT NULL,
  `Date` varchar(45) DEFAULT NULL,
  `Customer_idCustomer` int(11) NOT NULL,
  `Total` varchar(45) DEFAULT NULL,
  `Discount_Type` varchar(20) NOT NULL,
  `Discount_Presentage` varchar(45) DEFAULT NULL,
  `Discount_Amount` varchar(45) DEFAULT NULL,
  `Net_Amount` varchar(45) DEFAULT NULL,
  `Item_Count` varchar(45) DEFAULT NULL,
  `Note` text DEFAULT NULL,
  `Payment_Type` tinyint(4) NOT NULL DEFAULT 1 COMMENT '1=full_payment; 2=credit',
  `Paid_Amount` varchar(45) DEFAULT NULL,
  `Balance_Amount` varchar(45) DEFAULT NULL,
  `Credit_Balance` varchar(45) DEFAULT NULL,
  `Total_Credit_Balance` varchar(45) DEFAULT NULL,
  `Branch_idBranch` int(11) NOT NULL,
  `Invoice_Number` varchar(45) NOT NULL,
  `Quotation_IdQuotation` int(11) NOT NULL
) ENGINE=InnoDB DEFAULT CHARSET=latin1 COLLATE=latin1_swedish_ci;

--
-- Dumping data for table `invoice`
--

INSERT INTO `invoice` (`idInvoice`, `Date`, `Customer_idCustomer`, `Total`, `Discount_Type`, `Discount_Presentage`, `Discount_Amount`, `Net_Amount`, `Item_Count`, `Note`, `Payment_Type`, `Paid_Amount`, `Balance_Amount`, `Credit_Balance`, `Total_Credit_Balance`, `Branch_idBranch`, `Invoice_Number`, `Quotation_IdQuotation`) VALUES
(1, '2024-03-25', 4, '44', '', '5', '2.2', '41.8', NULL, '0', 1, '41.80', '0', NULL, '0', 1, 'INV1000', 1),
(2, '2024-03-25', 3, '9425', '', '5', '471.25', '8953.75', NULL, '0', 1, '0', '-8953.75', '-8953.75', '0', 1, 'INV1001', 0),
(3, '2024-03-15', 6, '44', '', '5', '2.2', '41.8', NULL, '', 1, '41.80', '0', '0', '0', 1, 'INV1002', 0),
(4, '2024-03-15', 4, '650', '', '5', '0', '617.5', NULL, '', 1, '617.50', '0', '0', '0', 1, 'INV1003', 0),
(5, '2024-03-15', 4, '694', '', '4', '27.76', '666.24', NULL, '', 1, '666.24', '0', '0', '0', 1, 'INV1004', 4),
(6, '2024-03-19', 2, '650', '', '5', '32.5', '617.5', NULL, '', 1, '500', '0', '117.5', '0', 1, 'INV1005', 0),
(7, '2024-03-18', 6, '650', '', '6', '39', '611', NULL, '', 1, '500', '0', '111', '111', 1, 'INV1006', 0),
(8, '2024-03-18', 6, '7346.9', '', '0', '0', '7346.9', NULL, '', 1, '7000', '0', '346.89999999999964', '457.89999999999964', 1, 'INV1007', 5),
(9, '2024-03-18', 7, '650', '', '5', '32.5', '617.5', NULL, '', 1, '400', '0', '217.5', '217.5', 1, 'INV1008', 0),
(10, '2024-03-26', 7, '2138', '', '0', '0', '2138', NULL, '', 1, '2138', '0', '0', '157.5', 1, 'INV1009', 6),
(11, '2024-03-28', 6, '374', '', '5', '4.95', '355.3', NULL, NULL, 1, '355.30', '0', '0', '7.899999999999636', 1, 'INV1010', 10),
(13, '2024-03-28', 6, '7492.368', '', '5', '374.6184000000003', '7117.7496', NULL, 'note', 1, '0', '0', '7117.7496', '8486.8446', 1, 'INV1011', 3),
(14, '2024-03-29', 7, '67', '', 'amount', '0', '3.35', '63.65', NULL, 1, 'nn', '63.65', '0', '0', 158, 'INV1012', 0),
(15, '2024-03-29', 7, '67', 'amount', '0', '3.35', '63.65', NULL, 'nn', 1, '63.65', '0', '0', '157.5', 1, 'INV1012', 0),
(16, '2024-03-29', 7, '922.75', 'percentage', '5', '46.1375', '876.6125', NULL, '0pp', 1, '876.61', '0', '0.002499999999940883', '157.50249999999994', 1, 'INV1013', 0),
(17, '2024-03-29', 8, '599.75', 'percentage', '44', '263.89', '335.86', NULL, 'vv', 1, '335.86', '0', '0', '0', 1, 'INV1014', 0),
(18, '2024-03-29', 7, '550', 'amount', '0', '200', '350', NULL, '', 1, '350', '0', '0', '157.50249999999994', 1, 'INV1015', 0),
(19, '2024-04-01', 7, '555', 'percentage', '5', '27.75', '527.25', NULL, 'o', 1, '527.25', '0', '0', '157.50249999999994', 1, 'INV1016', 0),
(20, '2024-04-02', 6, '40', 'percentage', '5', '2', '38', NULL, 'note', 1, '38', '0', '0', '8486.8446', 1, 'INV1017', 0),
(21, '2024-04-08', 14, '44', 'percentage', '0', '0', '44', NULL, '', 1, '0', '0', '44', '44', 1, 'INV1018', 0),
(22, '2024-04-08', 14, '555', 'percentage', '0', '0', '555', NULL, '', 1, '0', '0', '555', '599', 1, 'INV1019', 0),
(23, '2024-04-09', 15, '599', 'percentage', '0', '0', '599', NULL, '', 1, '0', '0', '599', '599', 1, 'INV1020', 0),
(24, '2024-04-09', 13, '19574', 'percentage', '0', '0', '19574', NULL, '', 1, '0', '0', '19574', '19574', 1, 'INV1021', 0),
(25, '2024-04-09', 15, '44', 'percentage', '0', '0', '44', NULL, '', 1, '0', '0', '44', '643', 1, 'INV1022', 0),
(26, '2024-04-09', 15, '44', 'percentage', '0', '0', '44', NULL, '', 1, '0', '0', '44', '687', 1, 'INV1023', 0),
(27, '2024-04-09', 15, '55', 'percentage', '0', '0', '55', NULL, '', 1, '0', '0', '55', '742', 1, 'INV1024', 0),
(28, '2024-04-09', 15, '55', 'percentage', '0', '0', '55', NULL, '', 1, '0', '0', '55', '797', 1, 'INV1025', 0),
(29, '2024-04-09', 15, '44', 'percentage', '0', '0', '44', NULL, '', 1, '0', '0', '44', '841', 1, 'INV1026', 0),
(30, '2024-04-09', 14, '55', 'percentage', '0', '0', '55', NULL, '', 1, '0', '0', '55', '35', 1, 'INV1027', 0),
(31, '2024-04-09', 15, '44', 'percentage', '0', '0', '44', NULL, '', 1, '0', '0', '44', '885', 1, 'INV1028', 0),
(32, '2024-04-09', 15, '44', 'percentage', '0', '0', '44', NULL, '', 1, '0', '0', '44', '929', 1, 'INV788', 0),
(33, '2024-04-10', 15, '44', 'percentage', '0', '0', '44', NULL, '', 1, '0', '0', '44', '2436.0000000000005', 1, 'INV789', 0),
(34, '2024-04-10', 15, '44', 'percentage', '0', '0', '44', NULL, '', 1, '0', '0', '44', '2480.0000000000005', 1, 'INV790', 0),
(35, '2024-04-10', 15, '44', 'percentage', '0', '0', '44', NULL, '', 1, '0', '0', '44', '2524.0000000000005', 1, 'INV791', 0),
(36, '2024-04-10', 15, '44', 'percentage', '0', '0', '44', NULL, '', 1, '0', '0', '44', '2568.0000000000005', 1, 'INV792', 0),
(37, '2024-04-10', 15, '55', 'percentage', '0', '0', '55', NULL, '', 1, '45', '0', '10', '2578.0000000000005', 1, 'INV793', 0),
(38, '2024-04-10', 16, '44', 'percentage', '0', '0', '44', NULL, '', 1, '0', '0', '44', '44', 1, 'INV78', 0),
(39, '2024-04-18', 16, '577421372', 'percentage', '0', '0', '577421372', NULL, '', 1, '0', '0', '577421372', '577421416', 1, 'INV79', 0),
(40, '2024-04-22', 16, '648648', 'percentage', '0', '0', '648648', NULL, '', 1, '0', '0', '648648', '264923275', 1, 'INV80', 0),
(41, '2024-04-22', 16, '648648', 'percentage', '0', '0', '648648', NULL, '', 1, '0', '0', '648648', '265571923', 1, 'INV81', 0),
(42, '2024-04-22', 16, '648648', 'percentage', '0', '0', '648648', NULL, '', 1, '0', '0', '648648', '266220571', 1, 'INV82', 0),
(43, '2024-04-22', 16, '648648', 'percentage', '0', '0', '648648', NULL, '', 1, '0', '0', '648648', '266869219', 1, 'INV83', 0),
(44, '2024-04-22', 16, '648648', 'percentage', '0', '0', '648648', NULL, '', 1, '0', '0', '648648', '267517867', 1, 'INV84', 0),
(45, '2024-04-22', 16, '648648', 'percentage', '0', '0', '648648', NULL, '', 1, '0', '0', '648648', '268166515', 1, 'INV85', 0),
(46, '2024-04-22', 16, '648648', 'percentage', '0', '0', '648648', NULL, '', 1, '0', '0', '648648', '268815163', 1, 'INV86', 0),
(47, '2024-04-22', 16, '648648', 'percentage', '0', '0', '648648', NULL, '', 1, '0', '0', '648648', '269463811', 1, 'INV87', 0),
(48, '2024-04-22', 16, '324324', 'percentage', '0', '0', '324324', NULL, '', 1, '0', '0', '324324', '269788135', 1, 'INV88', 0),
(49, '2024-04-22', 16, '324324', 'percentage', '0', '0', '324324', NULL, '', 1, '0', '0', '324324', '270112459', 1, 'INV89', 0),
(50, '2024-04-22', 16, '324324', 'percentage', '0', '0', '324324', NULL, '', 1, '0', '0', '324324', '270436783', 1, 'INV90', 0),
(51, '2024-04-22', 16, '324324', 'percentage', '0', '0', '324324', NULL, '', 1, '0', '0', '324324', '270761107', 1, 'INV91', 0),
(52, '2024-04-22', 16, '324324', 'percentage', '0', '0', '324324', NULL, '', 1, '0', '0', '324324', '271085431', 1, 'INV92', 0),
(53, '2024-04-22', 16, '123123', 'percentage', '0', '0', '123123', NULL, '', 1, '0', '0', '123123', '271208554', 1, 'INV93', 0),
(54, '2024-04-24', 16, '324324', 'percentage', '0', '0', '324324', NULL, '', 1, '0', '0', '324324', '271532878', 1, 'INV94', 0),
(55, '2024-04-24', 16, '324324', 'percentage', '0', '0', '324324', NULL, '', 1, '0', '0', '324324', '271857202', 1, 'INV95', 0),
(56, '2024-04-24', 15, '123123', 'percentage', '0', '0', '123123', NULL, '', 1, '0', '0', '123123', '125701', 1, 'INV96', 0),
(57, '2024-04-24', 16, '570570', 'percentage', '0', '0', '570570', NULL, '', 1, '0', '0', '570570', '272427772', 1, 'INV97', 0),
(58, '2024-04-24', 16, '324869', 'percentage', '0', '0', '324869', NULL, '', 1, '0', '0', '324869', '272752641', 1, 'INV98', 0),
(59, '2024-04-24', 15, '44', 'percentage', '0', '0', '44', NULL, '', 1, '0', '0', '44', '125745', 1, 'INV99', 0),
(60, '2024-04-24', 16, '648648', 'percentage', '0', '0', '648648', NULL, '', 1, '0', '0', '648648', '273401289', 1, 'INV100', 0),
(61, '2024-04-24', 16, '648648', 'percentage', '0', '0', '648648', NULL, '', 1, '0', '0', '648648', '274049937', 1, 'INV101', 0),
(62, '2024-04-24', 16, '648648', 'percentage', '0', '0', '648648', NULL, '', 1, '0', '0', '648648', '274698585', 1, 'INV102', 0),
(63, '2024-04-24', 16, '123123', 'percentage', '0', '0', '123123', NULL, '', 1, '0', '0', '123123', '274821708', 1, 'INV103', 0),
(64, '2024-04-24', 16, '0', 'percentage', '0', '0', '0', NULL, '', 1, '0', '0', '0', '274821708', 1, 'INV104', 0),
(65, '2024-04-24', 16, '447992', 'percentage', '0', '0', '447992', NULL, '', 1, '0', '0', '447992', '275269700', 1, 'INV105', 0),
(66, '2024-04-25', 16, '123123', 'percentage', '0', '0', '123123', NULL, '', 1, '0', '0', '123123', '275392823', 1, 'INV106', 0),
(67, '2024-04-25', 16, '0', 'percentage', '0', '0', '0', NULL, '', 1, '0', '0', '0', '275392823', 1, 'INV107', 0),
(68, '2024-04-25', 16, '10', 'percentage', '0', '0', '10', NULL, '', 1, '0', '0', '10', '275392833', 1, 'INV108', 0),
(69, '2024-04-25', 16, '0', 'percentage', '0', '0', '0', NULL, '', 1, '0', '0', '0', '275392833', 1, 'INV109', 0),
(70, '2024-04-29', 20, '20', 'percentage', '0', '0', '20', NULL, '', 1, '0', '0', '20', '20', 1, 'INV110', 0),
(71, '2024-04-29', 20, '10', 'percentage', '0', '0', '10', NULL, '', 1, '0', '0', '10', '30', 1, 'INV111', 0),
(72, '2024-04-29', 20, '20', 'percentage', '0', '0', '20', NULL, '', 1, '0', '0', '20', '50', 1, 'INV112', 0),
(73, '2024-04-29', 20, '10', 'percentage', '0', '0', '10', NULL, '', 1, '0', '0', '10', '60', 1, 'INV113', 0),
(74, '2024-04-29', 20, '10', 'percentage', '0', '0', '10', NULL, '', 1, '0', '0', '10', '70', 1, 'INV114', 0),
(75, '2024-04-29', 20, '10', 'percentage', '0', '0', '10', NULL, '', 1, '0', '0', '10', '80', 1, 'INV115', 0),
(76, '2024-04-29', 20, '123123', 'percentage', '0', '0', '123123', NULL, '', 2, '0', '0', '123123', '123203', 1, 'INV116', 0),
(77, '2024-04-29', 20, '20', 'percentage', '0', '0', '20', NULL, '', 2, '0', '0', '20', '123223', 1, 'INV117', 0),
(78, '2024-04-29', 20, '20', 'percentage', '0', '0', '20', NULL, '', 2, '0', '0', '20', '123243', 1, 'INV118', 0),
(79, '2024-04-29', 20, '20', 'percentage', '0', '0', '20', NULL, '', 2, '0', '0', '20', '123263', 1, 'INV119', 0),
(80, '2024-04-29', 20, '20', 'percentage', '0', '0', '20', NULL, '', 2, '0', '0', '20', '123283', 1, 'INV120', 0),
(81, '2024-05-08', 20, '123123', 'percentage', '0', '0', '123123', NULL, '', 1, '0', '0', '123123', '123123', 1, 'INV121', 0),
(82, '2024-05-08', 20, '10', 'percentage', '0', '0', '10', NULL, '', 1, '0', '0', '10', '10', 1, 'INV122', 0),
(83, '2024-05-08', 20, '10', 'percentage', '0', '0', '10', NULL, '', 1, '0', '0', '10', '10', 1, 'INV123', 0),
(84, '2024-05-08', 20, '10', 'percentage', '0', '0', '10', NULL, '', 1, '0', '0', '10', '10', 1, 'INV124', 0),
(85, '2024-05-08', 20, '10', 'percentage', '0', '0', '10', NULL, '', 1, '0', '0', '10', '10', 1, 'INV125', 0),
(86, '2024-05-08', 20, '20', 'percentage', '0', '0', '20', NULL, '', 1, '0', '0', '20', '20', 1, 'INV126', 0),
(87, '2024-05-08', 20, '20', 'percentage', '0', '0', '20', NULL, '', 1, '0', '0', '20', '20', 1, 'INV127', 0),
(88, '2024-05-08', 20, '20', 'percentage', '0', '0', '20', NULL, '', 1, '0', '0', '20', '20', 1, 'INV128', 0),
(89, '2024-05-08', 20, '20', 'percentage', '0', '0', '20', NULL, '', 1, '0', '0', '20', '20', 1, 'INV129', 0),
(90, '2024-05-08', 20, '20', 'percentage', '0', '0', '20', NULL, '', 1, '0', '0', '20', '20', 1, 'INV130', 0),
(91, '2024-05-19', 20, '20', 'percentage', '0', '0', '20', NULL, '', 1, '0', '0', '20', '40', 1, 'INV131', 0),
(92, '2024-06-10', 25, '1000', 'percentage', '0', '0', '1000', NULL, '', 1, '0', '0', '1000', '1000', 1, 'INV100', 0),
(93, '2024-06-10', 20, '123123', 'percentage', '0', '0', '123123', NULL, '', 1, '0', '0', '123123', '123163', 1, 'INV101', 0),
(94, '2024-06-10', 19, '10', 'percentage', '0', '0', '10', NULL, '', 1, '0', '0', '10', '10', 1, 'INV107', 0);

-- --------------------------------------------------------

--
-- Table structure for table `invoice_has_item`
--

CREATE TABLE `invoice_has_item` (
  `ID` int(11) NOT NULL,
  `Invoice_idInvoice` int(11) NOT NULL,
  `Item_idItem` int(11) NOT NULL,
  `Item_Has_Serial` int(11) NOT NULL DEFAULT 0,
  `Serial_No_Id` int(11) NOT NULL,
  `Description` varchar(70) DEFAULT NULL,
  `Long_Description` varchar(945) DEFAULT NULL,
  `Qty_Type` varchar(45) DEFAULT NULL,
  `Qty` varchar(45) DEFAULT NULL,
  `Rate` varchar(45) DEFAULT NULL,
  `Amount` varchar(45) DEFAULT NULL,
  `Discount_Type` varchar(20) NOT NULL,
  `Discount` varchar(45) DEFAULT NULL,
  `Total_Amount` varchar(45) DEFAULT NULL,
  `Branch_idBranch` int(11) NOT NULL
) ENGINE=InnoDB DEFAULT CHARSET=latin1 COLLATE=latin1_swedish_ci;

--
-- Dumping data for table `invoice_has_item`
--

INSERT INTO `invoice_has_item` (`ID`, `Invoice_idInvoice`, `Item_idItem`, `Item_Has_Serial`, `Serial_No_Id`, `Description`, `Long_Description`, `Qty_Type`, `Qty`, `Rate`, `Amount`, `Discount_Type`, `Discount`, `Total_Amount`, `Branch_idBranch`) VALUES
(1, 1, 7, 0, 0, NULL, NULL, NULL, '1', NULL, '44', '', '0', '44', 1),
(2, 2, 3, 0, 0, NULL, NULL, NULL, '10', NULL, '6500', '', '3', '6305', 1),
(3, 2, 2, 0, 0, NULL, NULL, NULL, '5', NULL, '3250', '', '4', '3120', 1),
(4, 3, 7, 0, 0, '44', '', '1', '1', '44', '44', '', '0', '44', 1),
(5, 4, 3, 0, 0, 'item three', NULL, '2', '1', '650', '650', '', '0', '650', 1),
(6, 5, 7, 0, 0, '44', '', '1', '1', '44', '44', '', '0', '44', 1),
(7, 5, 3, 0, 0, 'item three', NULL, '2', '1', '650', '650', '', '0', '650', 1),
(8, 6, 3, 0, 0, 'item three', NULL, '2', '1', '650', '650', '', '0', '650', 1),
(9, 7, 3, 0, 0, 'item three', NULL, '2', '1', '650', '650', '', '0', '650', 1),
(10, 8, 3, 0, 0, 'item three', NULL, '2', '10', '655', '6550', '', '1', '6484.5', 1),
(11, 8, 7, 0, 0, '44', '', '1', '20', '44', '880', '', '2', '862.4', 1),
(12, 9, 3, 0, 0, 'item three', NULL, '2', '1', '650', '650', '', '0', '650', 1),
(13, 10, 3, 0, 0, 'item three', NULL, '2', '1.6', '650', '1040', '', '0', '1040', 1),
(14, 10, 7, 0, 0, '44', '', '1', '10', '100', '1000', '', '0', '1000', 1),
(15, 10, 4, 0, 0, '55', '55', '2', '1', '100', '100', '', '2', '98', 1),
(16, 11, 16, 0, 0, 'descriptio', '', '3', '1', '44', '44', '', '0', '44', 1),
(17, 11, 15, 0, 0, 'yyy', '', '2', '6', '55', '330', '', '0', '330', 1),
(18, 12, 6, 0, 0, '[', '[[', '2', '5', '22', '110', '', '0', '110', 1),
(19, 12, 8, 1, 0, '82', '', '2', '15', '88.54', '1328.1000000000001', '', '0', '1328.1000000000001', 1),
(20, 13, 3, 0, 0, 'item three', NULL, '2', '5', '650', '3250', '', '4', '3120', 1),
(21, 13, 3, 0, 0, 'item three', NULL, '2', '7', '650.65', '4554.55', '', '4', '4372.368', 1),
(22, 15, 17, 0, 0, 'rdtrst', 'ufu', '0', '1', '545', '545', 'amount', '500', '45', 1),
(23, 15, 13, 0, 0, '2522', '222', '0', '1', '22', '22', 'percentage', '0', '22', 1),
(24, 16, 17, 0, 0, 'rdtrst', 'ufu', '0', '1', '545', '545', 'percentage', '5', '517.75', 1),
(25, 16, 14, 0, 0, '55633', '3535', '0', '1', '555', '555', 'amount', '150', '405', 1),
(26, 17, 17, 0, 0, 'rdtrst', 'ufu', '0', '1', '545', '545', 'percentage', '5', '517.75', 1),
(27, 17, 15, 0, 0, 'yyy', '', '2', '1.6', '55', '88', 'amount', '6', '82', 1),
(28, 18, 14, 0, 0, '55633', '3535', '0', '1', '555', '555', 'amount', '5', '550', 1),
(29, 19, 14, 0, 0, '55633', '3535', '0', '1', '555', '555', 'percentage', '0', '555', 1),
(30, 20, 16, 0, 0, 'descriptio', '', '3', '1', '44', '44', 'amount', '4', '40', 1),
(31, 21, 16, 0, 0, 'descriptio', '', '3', '1', '44', '44', 'percentage', '0', '44', 1),
(32, 22, 14, 0, 0, 'Carpet', '3535', '0', '1', '555', '555', 'percentage', '0', '555', 1),
(33, 23, 16, 0, 0, 'descriptio', '', '3', '1', '44', '44', 'percentage', '0', '44', 1),
(34, 23, 14, 0, 0, 'Carpet', '3535', '0', '1', '555', '555', 'percentage', '0', '555', 1),
(35, 24, 16, 0, 0, 'descriptio', '', '3', '1', '44', '44', 'percentage', '0', '44', 1),
(36, 24, 15, 0, 0, 'yyy', '', '2', '12', '55', '660', 'percentage', '0', '660', 1),
(37, 24, 14, 0, 0, 'Carpet', '3535', '0', '34', '555', '18870', 'percentage', '0', '18870', 1),
(38, 25, 16, 0, 0, 'descriptio', '', '3', '1', '44', '44', 'percentage', '0', '44', 1),
(39, 26, 16, 0, 0, 'descriptio', '', '3', '1', '44', '44', 'percentage', '0', '44', 1),
(40, 27, 15, 0, 0, 'yyy', '', '2', '1', '55', '55', 'percentage', '0', '55', 1),
(41, 28, 15, 0, 0, 'yyy', '', '2', '1', '55', '55', 'percentage', '0', '55', 1),
(42, 29, 16, 0, 0, 'descriptio', '', '3', '1', '44', '44', 'percentage', '0', '44', 1),
(43, 30, 15, 0, 0, 'yyy', '', '2', '1', '55', '55', 'percentage', '0', '55', 1),
(44, 31, 16, 0, 0, 'descriptio', '', '3', '1', '44', '44', 'percentage', '0', '44', 1),
(45, 32, 16, 0, 0, 'descriptio', '', '3', '1', '44', '44', 'percentage', '0', '44', 1),
(46, 33, 16, 0, 0, 'descriptio', '', '3', '1', '44', '44', 'percentage', '0', '44', 1),
(47, 34, 16, 0, 0, 'descriptio', '', '3', '1', '44', '44', 'percentage', '0', '44', 1),
(48, 35, 16, 0, 0, 'descriptio', '', '3', '1', '44', '44', 'percentage', '0', '44', 1),
(49, 36, 16, 0, 0, 'descriptio', '', '3', '1', '44', '44', 'percentage', '0', '44', 1),
(50, 37, 15, 0, 0, 'yyy', '', '2', '1', '55', '55', 'percentage', '0', '55', 1),
(51, 38, 16, 0, 0, 'descriptio', '', '3', '1', '44', '44', 'percentage', '0', '44', 1),
(52, 39, 16, 0, 0, 'descriptio', '', '3', '13123213', '44', '577421372', 'percentage', '0', '577421372', 1),
(53, 40, 19, 0, 0, 'New item 2', '', '2', '2', '324324', '648648', 'percentage', '0', '648648', 1),
(54, 41, 19, 0, 0, 'New item 2', '', '2', '2', '324324', '648648', 'percentage', '0', '648648', 1),
(55, 42, 19, 0, 0, 'New item 2', '', '2', '2', '324324', '648648', 'percentage', '0', '648648', 1),
(56, 43, 19, 0, 0, 'New item 2', '', '2', '2', '324324', '648648', 'percentage', '0', '648648', 1),
(57, 44, 19, 0, 0, 'New item 2', '', '2', '2', '324324', '648648', 'percentage', '0', '648648', 1),
(58, 45, 19, 0, 0, 'New item 2', '', '2', '2', '324324', '648648', 'percentage', '0', '648648', 1),
(59, 46, 19, 0, 0, 'New item 2', '', '2', '2', '324324', '648648', 'percentage', '0', '648648', 1),
(60, 47, 19, 0, 0, 'New item 2', '', '2', '2', '324324', '648648', 'percentage', '0', '648648', 1),
(61, 48, 19, 0, 0, 'New item 2', '', '2', '1', '324324', '324324', 'percentage', '0', '324324', 1),
(62, 49, 19, 0, 0, 'New item 2', '', '2', '1', '324324', '324324', 'percentage', '0', '324324', 1),
(63, 50, 19, 0, 0, 'New item 2', '', '2', '1', '324324', '324324', 'percentage', '0', '324324', 1),
(64, 51, 19, 0, 0, 'New item 2', '', '2', '1', '324324', '324324', 'percentage', '0', '324324', 1),
(65, 52, 19, 0, 0, 'New item 2', '', '2', '1', '324324', '324324', 'percentage', '0', '324324', 1),
(66, 53, 18, 0, 0, 'New item', '', '2', '1', '123123', '123123', 'percentage', '0', '123123', 1),
(67, 54, 19, 0, 0, 'New item 2', '', '2', '1', '324324', '324324', 'percentage', '0', '324324', 1),
(68, 55, 19, 0, 0, 'New item 2', '', '2', '1', '324324', '324324', 'percentage', '0', '324324', 1),
(69, 56, 18, 0, 0, 'New item', '', '2', '1', '123123', '123123', 'percentage', '0', '123123', 1),
(70, 57, 18, 0, 0, 'New item', '', '2', '2', '123123', '246246', 'percentage', '0', '246246', 1),
(71, 57, 19, 1, 37, 'New item 2', '', '2', '2', '324324', '324324', 'percentage', '0', '324324', 1),
(72, 57, 19, 1, 38, 'New item 2', '', '2', '2', '324324', '324324', 'percentage', '0', '324324', 1),
(73, 57, 19, 1, 27, 'New item 2', '', '2', '2', '324324', '324324', 'percentage', '0', '324324', 1),
(74, 58, 17, 0, 0, 'rdtrst', 'ufu', '0', '1', '545', '545', 'percentage', '0', '545', 1),
(75, 58, 19, 1, 39, 'New item 2', '', '2', '2', '324324', '324324', 'percentage', '0', '324324', 1),
(76, 58, 19, 1, 34, 'New item 2', '', '2', '2', '324324', '324324', 'percentage', '0', '324324', 1),
(77, 59, 16, 0, 0, 'descriptio', '', '3', '1', '44', '44', 'percentage', '0', '44', 1),
(78, 60, 19, 1, 42, 'New item 2', '', '2', '3', '324324', '648648', 'percentage', '0', '648648', 1),
(79, 60, 19, 1, 40, 'New item 2', '', '2', '3', '324324', '648648', 'percentage', '0', '648648', 1),
(80, 60, 19, 1, 41, 'New item 2', '', '2', '3', '324324', '648648', 'percentage', '0', '648648', 1),
(81, 61, 19, 1, 45, 'New item 2', '', '2', '1', '324324', '648648', 'percentage', '0', '648648', 1),
(82, 61, 19, 1, 43, 'New item 2', '', '2', '1', '324324', '648648', 'percentage', '0', '648648', 1),
(83, 61, 19, 1, 44, 'New item 2', '', '2', '1', '324324', '648648', 'percentage', '0', '648648', 1),
(84, 62, 19, 1, 46, 'New item 2', '', '2', '1', '324324', '648648', 'percentage', '0', '648648', 1),
(85, 62, 19, 1, 47, 'New item 2', '', '2', '1', '324324', '648648', 'percentage', '0', '648648', 1),
(86, 63, 18, 0, 0, 'New item', '', '2', '1', '123123', '123123', 'percentage', '0', '123123', 1),
(87, 64, 19, 1, 48, 'New item 2', '', '2', '1', '324324', '0', 'percentage', '0', '0', 1),
(88, 65, 18, 0, 0, 'New item', '', '2', '1', '123123', '123123', 'percentage', '0', '123123', 1),
(89, 65, 17, 0, 0, 'rdtrst', 'ufu', '0', '1', '545', '545', 'percentage', '0', '545', 1),
(90, 65, 19, 1, 51, 'New item 2', '', '2', '1', '324324', '324324', 'percentage', '0', '324324', 1),
(91, 65, 19, 1, 26, 'New item 2', '', '2', '1', '324324', '324324', 'percentage', '0', '324324', 1),
(92, 66, 18, 0, 0, 'New item', '', '2', '1', '123123', '123123', 'percentage', '0', '123123', 1),
(93, 67, 19, 1, 62, 'New item 2', '', '2', '1', '324324', '0', 'percentage', '0', '0', 1),
(94, 67, 19, 1, 63, 'New item 2', '', '2', '1', '324324', '0', 'percentage', '0', '0', 1),
(95, 67, 19, 1, 64, 'New item 2', '', '2', '1', '324324', '0', 'percentage', '0', '0', 1),
(96, 67, 19, 1, 24, 'New item 2', '', '2', '1', '324324', '0', 'percentage', '0', '0', 1),
(97, 67, 19, 1, 27, 'New item 2', '', '2', '1', '324324', '0', 'percentage', '0', '0', 1),
(98, 67, 19, 1, 26, 'New item 2', '', '2', '1', '324324', '0', 'percentage', '0', '0', 1),
(99, 68, 22, 0, 0, 'tfft', '', '1', '1', '10', '10', 'percentage', '0', '10', 1),
(100, 69, 19, 1, 65, 'New item 2', '', '2', '1', '324324', '0', 'percentage', '0', '0', 1),
(101, 69, 19, 1, 66, 'New item 2', '', '2', '1', '324324', '0', 'percentage', '0', '0', 1),
(102, 69, 19, 1, 12, 'New item 2', '', '2', '1', '324324', '0', 'percentage', '0', '0', 1),
(103, 69, 19, 1, 28, 'New item 2', '', '2', '1', '324324', '0', 'percentage', '0', '0', 1),
(104, 69, 19, 1, 30, 'New item 2', '', '2', '1', '324324', '0', 'percentage', '0', '0', 1),
(105, 69, 19, 1, 25, 'New item 2', '', '2', '1', '324324', '0', 'percentage', '0', '0', 1),
(106, 69, 19, 1, 12, 'New item 2', '', '2', '1', '324324', '0', 'percentage', '0', '0', 1),
(107, 69, 19, 1, 50, 'New item 2', '', '2', '1', '324324', '0', 'percentage', '0', '0', 1),
(108, 70, 23, 0, 0, 'Hello Sd', '', '1', '1', '20', '20', 'percentage', '0', '20', 1),
(109, 71, 22, 0, 0, 'tfft', '', '1', '1', '10', '10', 'percentage', '0', '10', 1),
(110, 72, 23, 0, 0, 'Hello Sd', '', '1', '1', '20', '20', 'percentage', '0', '20', 1),
(111, 73, 22, 0, 0, 'tfft', '', '1', '1', '10', '10', 'percentage', '0', '10', 1),
(112, 74, 22, 0, 0, 'tfft', '', '1', '1', '10', '10', 'percentage', '0', '10', 1),
(113, 75, 22, 0, 0, 'tfft', '', '1', '1', '10', '10', 'percentage', '0', '10', 1),
(114, 76, 18, 0, 0, 'New item', '', '2', '1', '123123', '123123', 'percentage', '0', '123123', 1),
(115, 77, 23, 0, 0, 'Hello Sd', '', '1', '1', '20', '20', 'percentage', '0', '20', 1),
(116, 78, 23, 0, 0, 'Hello Sd', '', '1', '1', '20', '20', 'percentage', '0', '20', 1),
(117, 79, 23, 0, 0, 'Hello Sd', '', '1', '1', '20', '20', 'percentage', '0', '20', 1),
(118, 80, 23, 0, 0, 'Hello Sd', '', '1', '1', '20', '20', 'percentage', '0', '20', 1),
(119, 90, 23, 0, 0, 'Hello Sd', '', '1', '1', '20', '20', 'percentage', '0', '20', 1),
(120, 91, 23, 0, 0, 'Hello Sd', '', '1', '1', '20', '20', 'percentage', '0', '20', 1),
(121, 93, 18, 0, 0, 'New item', '', '2', '1', '123123', '123123', 'percentage', '0', '123123', 1),
(122, 94, 22, 0, 0, 'tfft', '', '1', '1', '10', '10', 'percentage', '0', '10', 1);

-- --------------------------------------------------------

--
-- Table structure for table `invoice_has_item_serial_no`
--

CREATE TABLE `invoice_has_item_serial_no` (
  `ID` int(11) NOT NULL,
  `Invoice_idInvoice` int(11) NOT NULL,
  `Item_Serial_No_id` int(11) NOT NULL
) ENGINE=MyISAM DEFAULT CHARSET=latin1 COLLATE=latin1_swedish_ci;

--
-- Dumping data for table `invoice_has_item_serial_no`
--

INSERT INTO `invoice_has_item_serial_no` (`ID`, `Invoice_idInvoice`, `Item_Serial_No_id`) VALUES
(1, 49, 16),
(2, 49, 14),
(3, 50, 17),
(4, 50, 14),
(5, 51, 18),
(6, 51, 14),
(7, 52, 19),
(8, 52, 15),
(9, 54, 21),
(10, 54, 19),
(11, 55, 22),
(12, 55, 23),
(13, 56, 35),
(14, 56, 36);

-- --------------------------------------------------------

--
-- Table structure for table `item`
--

CREATE TABLE `item` (
  `idItem` int(11) NOT NULL,
  `Type` varchar(45) DEFAULT NULL,
  `Item_Category_idItem_Category` int(11) NOT NULL,
  `Description` varchar(70) DEFAULT NULL,
  `Long_Description` varchar(800) DEFAULT NULL,
  `Cost` varchar(45) DEFAULT NULL,
  `Real_Cost` varchar(45) DEFAULT NULL,
  `Rate` varchar(45) DEFAULT NULL,
  `Qty_Type` int(11) DEFAULT NULL,
  `Qty` varchar(45) DEFAULT NULL,
  `Status` varchar(45) DEFAULT NULL,
  `Item_Has_Serial` int(11) DEFAULT NULL,
  `Branch_idBranch` int(11) NOT NULL
) ENGINE=InnoDB DEFAULT CHARSET=latin1 COLLATE=latin1_swedish_ci;

--
-- Dumping data for table `item`
--

INSERT INTO `item` (`idItem`, `Type`, `Item_Category_idItem_Category`, `Description`, `Long_Description`, `Cost`, `Real_Cost`, `Rate`, `Qty_Type`, `Qty`, `Status`, `Item_Has_Serial`, `Branch_idBranch`) VALUES
(1, '1', 1, 'item one', NULL, '5000', '500', '650', 4, '21', '1', 0, 1),
(2, '1', 2, 'item two', NULL, '614.4', '451.58966697790225', '650', 4, '2.1999999999999993', '1', 0, 1),
(3, '1', 2, 'item three', NULL, '475', '493.18863636363636', '650', 2, '-5.6', '1', 0, 1),
(4, '2', 6, '55', '55', '5.55', '5.55', '55.55', 2, '0', '1', 0, 1),
(5, '1', 5, 'ff', '', '428.6875', '479.12423469387755', '555', 1, '7', '1', 0, 1),
(6, '2', 6, '[', '[[', '22', '22', '22', 2, '0', '1', 0, 1),
(7, '1', 9, '44', '', '418', '118.8', '44', 1, '-13464', '1', 0, 1),
(8, '1', 10, '82', '', '125.4', '81.67238095238096', '88.54', 2, '-21', '1', 0, 1),
(9, '2', 6, 'rr', 'rr', '555.55', '555.55', '555.55', 3, '0', '1', 0, 1),
(10, '1', 5, 'dd', '', '32', '32', '22', 2, '0', '1', 0, 1),
(11, '2', 3, 'tt', 'tt', '22', '22', '20', 0, '0', '1', 0, 1),
(12, '1', 2, '11', '', '44', '44', '444', 0, '0', '1', 0, 1),
(13, '2', 3, '2522', '222', '22', '22', '22', 0, '0', '1', 0, 1),
(14, '2', 6, 'Carpet', '3535', '555', '555', '555', 0, '0', '1', 0, 1),
(15, '1', 1, 'yyy', '', '55', '55', '55', 2, '-22.6', '1', 0, 1),
(16, '1', 2, 'descriptio', '', '46', '46', '44', 3, '-13123226', '1', 0, 1),
(17, '2', 6, 'rdtrst', 'ufu', '600', '600', '545', 0, '0', '1', 0, 1),
(18, '1', 1, 'New item', '', '213', '213', '123123', 2, '-9', '1', 0, 1),
(19, '1', 2, 'New item 2', '', '617832', '-87492.54901960785', '324324', 2, '-33', '1', 1, 1),
(20, '1', 1, 'Item Item', '', '123', '123', '324324', 1, '0', '1', 1, 1),
(21, '1', 1, '5657645764', '', '45440', '4544', '7654', 1, '10', '1', 1, 1),
(22, '1', 1, 'tfft', '', '100', '10', '10', 1, '4', '1', 0, 1),
(23, '1', 1, 'Hello Sd', '', '200', '200', '20', 1, '3', '1', 0, 1),
(26, '1', 2, 'Clean White', '', '1000', '1000', '2000', 3, '0', '1', 0, 1),
(27, '1', 3, 'Weather Shield', '', '1500', '1500', '2500', 3, '0', '1', 0, 1);

-- --------------------------------------------------------

--
-- Table structure for table `item_category`
--

CREATE TABLE `item_category` (
  `idItem_Category` int(11) NOT NULL,
  `Description` varchar(45) DEFAULT NULL,
  `Type` varchar(45) DEFAULT NULL COMMENT 'items=1,services=2',
  `Branch_idBranch` int(11) NOT NULL
) ENGINE=InnoDB DEFAULT CHARSET=latin1 COLLATE=latin1_swedish_ci;

--
-- Dumping data for table `item_category`
--

INSERT INTO `item_category` (`idItem_Category`, `Description`, `Type`, `Branch_idBranch`) VALUES
(1, 'Hello Sd', '1', 1),
(2, 'Interior Paint', '1', 1),
(3, 'Exterior Paint', '1', 1),
(4, 'Primer', '1', 1),
(5, 'Stain', '1', 1),
(6, 'Weather Shield', '1', 1);

-- --------------------------------------------------------

--
-- Table structure for table `item_has_serial_no`
--

CREATE TABLE `item_has_serial_no` (
  `ID` int(11) NOT NULL,
  `GRN_idGRN` int(11) NOT NULL,
  `Item_idItem` int(11) NOT NULL,
  `Serial_No` varchar(50) NOT NULL,
  `Qty` int(11) NOT NULL,
  `Branch_idBranch` int(11) NOT NULL
) ENGINE=MyISAM DEFAULT CHARSET=utf8mb4 COLLATE=utf8mb4_unicode_ci;

--
-- Dumping data for table `item_has_serial_no`
--

INSERT INTO `item_has_serial_no` (`ID`, `GRN_idGRN`, `Item_idItem`, `Serial_No`, `Qty`, `Branch_idBranch`) VALUES
(1, 39, 8, '3424324', 1, 1),
(2, 39, 8, '234234234', 1, 1),
(3, 39, 8, '242424', 1, 1),
(14, 49, 19, 'asdsadasdas', 0, 1),
(66, 0, 19, '123123', 0, 1),
(6, 46, 10, '231312', 0, 1),
(7, 46, 10, '5435', 0, 1),
(12, 47, 8, '12345', 0, 1),
(11, 47, 8, '12345', 0, 1),
(15, 50, 19, 'fsdfdfsd', 0, 1),
(13, 47, 8, '123', 0, 1),
(16, 0, 19, 'fsdfdfsd', 0, 1),
(17, 0, 19, 'fsdfdfsd', 0, 1),
(18, 0, 19, 'fsdfdfsd', 0, 1),
(19, 0, 19, 'qwerty', 0, 1),
(20, 51, 19, 'qwerty', 0, 1),
(21, 0, 19, '12345', 0, 1),
(22, 0, 19, '123456', 0, 1),
(23, 0, 19, '12345', 0, 1),
(24, 52, 19, 'qwert', 0, 1),
(25, 52, 19, 'asdfg', 0, 1),
(26, 52, 19, 'zxcvb', 0, 1),
(27, 53, 19, 'ertyu', 0, 1),
(28, 54, 19, 'uiop', 0, 1),
(29, 54, 19, 'fghjk', 1, 1),
(30, 54, 19, 'lkjhg', 0, 1),
(31, 55, 19, '876876', 3, 1),
(32, 55, 19, '87678', 3, 1),
(33, 55, 19, '78768', 3, 1),
(34, 56, 19, 'bvbc', 0, 1),
(35, 0, 18, 'ertyu', 0, 1),
(36, 0, 18, 'bvbc', 0, 1),
(37, 0, 19, 'bvbc', 0, 1),
(38, 0, 19, '42434324', 0, 1),
(39, 0, 19, '13313', 0, 1),
(40, 57, 19, '13123', 0, 1),
(41, 58, 19, '23213213', 0, 1),
(42, 0, 19, '12321321', 0, 1),
(43, 59, 19, '24234234234', 0, 1),
(44, 60, 19, '34324324', 0, 1),
(45, 0, 19, '234324', 0, 1),
(46, 61, 19, '32313', 0, 1),
(47, 62, 19, '42452343', 0, 1),
(48, 0, 19, '24234234', 0, 1),
(49, 63, 19, 'zxcvb', 0, 1),
(50, 63, 19, 'nmkjh', 0, 1),
(51, 0, 19, '3432434', 0, 1),
(65, 0, 19, '3123213', 0, 1),
(52, 65, 21, '67687', 1, 1),
(53, 65, 21, '90089', 1, 1),
(54, 65, 21, 't', 1, 1),
(55, 65, 21, 'ftv', 1, 1),
(56, 65, 21, 'jm', 1, 1),
(57, 65, 21, 'dsrdxc', 1, 1),
(58, 65, 21, 'oko', 1, 1),
(59, 65, 21, 'sxr', 1, 1),
(60, 65, 21, 'jhnhju', 1, 1),
(61, 65, 21, 'se', 1, 1),
(62, 0, 19, '34234', 0, 1),
(63, 0, 19, '324324', 0, 1),
(64, 0, 19, '324234', 0, 1);

-- --------------------------------------------------------

--
-- Table structure for table `purchase_return`
--

CREATE TABLE `purchase_return` (
  `idPurchase_Return` int(11) NOT NULL,
  `Date` varchar(45) DEFAULT NULL,
  `Reason` text DEFAULT NULL,
  `Total_Amount` varchar(45) DEFAULT NULL,
  `Item_Count` varchar(45) DEFAULT NULL,
  `Status` varchar(45) DEFAULT NULL,
  `Supplier_idSupplier` int(11) NOT NULL,
  `Branch_idBranch` int(11) NOT NULL
) ENGINE=InnoDB DEFAULT CHARSET=latin1 COLLATE=latin1_swedish_ci;

--
-- Dumping data for table `purchase_return`
--

INSERT INTO `purchase_return` (`idPurchase_Return`, `Date`, `Reason`, `Total_Amount`, `Item_Count`, `Status`, `Supplier_idSupplier`, `Branch_idBranch`) VALUES
(1, '2024-03-11', 'ddd', '400', '1', '1', 1, 1),
(2, '2024-03-11', 'ddd', '400', '1', '1', 1, 1),
(3, '2024-03-18', 'uu', '3600', '2', '1', 1, 1),
(4, '2024-03-28', '55', '1755.3999999999999', '2', '1', 1, 1),
(5, '2024-04-10', '', '4305.4', '2', '0', 3, 1),
(6, '2024-04-10', '', '836', '1', '1', 4, 1),
(7, '2024-04-10', '', '125.4', '1', '0', 3, 1),
(8, '2024-04-19', '', '34324', '1', '0', 3, 1),
(9, '2024-04-19', '', '34324', '1', '1', 3, 1),
(10, '2024-04-19', '', '34324', '1', '1', 17, 1),
(11, '2024-04-19', '', '34324', '1', '1', 3, 1),
(12, '2024-04-19', '', '34324', '1', '1', 3, 1),
(13, '2024-04-19', '', '34324', '1', '1', 3, 1),
(14, '2024-04-22', '', '46', '1', '0', 3, 1),
(15, '2024-04-22', '', '34379', '2', '1', 3, 1);

-- --------------------------------------------------------

--
-- Table structure for table `purchase_return_has_item`
--

CREATE TABLE `purchase_return_has_item` (
  `ID` int(11) NOT NULL,
  `Purchase_Return_idPurchase_Return` int(11) NOT NULL,
  `Item_idItem` int(11) NOT NULL,
  `Item_Description` varchar(45) DEFAULT NULL,
  `Cost` varchar(45) DEFAULT NULL,
  `Qty_Type` varchar(45) DEFAULT NULL,
  `Qty` varchar(45) DEFAULT NULL,
  `Total` varchar(45) DEFAULT NULL,
  `Branch_idBranch` int(11) NOT NULL
) ENGINE=InnoDB DEFAULT CHARSET=latin1 COLLATE=latin1_swedish_ci;

--
-- Dumping data for table `purchase_return_has_item`
--

INSERT INTO `purchase_return_has_item` (`ID`, `Purchase_Return_idPurchase_Return`, `Item_idItem`, `Item_Description`, `Cost`, `Qty_Type`, `Qty`, `Total`, `Branch_idBranch`) VALUES
(1, 2, 2, 'item two', '400', '1', '1', '400', 1),
(2, 3, 7, '44', '80', '1', '5', '400', 1),
(3, 3, 2, 'item two', '400', '4', '8', '3200', 1),
(6, 4, 3, 'item three', '475', NULL, '1', '475', 1),
(7, 4, 8, '82', '128.04', NULL, '10', '1280.3999999999999', 1),
(12, 6, 7, '44', '418', NULL, '2', '836', 1),
(15, 5, 7, '44', '418', NULL, '10', '4180', 1),
(16, 5, 8, '82', '125.4', NULL, '1', '125.4', 1),
(17, 7, 8, '82', '125.4', NULL, '1', '125.4', 1),
(18, 8, 19, 'New item 2', '34324', NULL, '1', '34324', 1),
(19, 9, 19, 'New item 2', '34324', NULL, '1', '34324', 1),
(20, 10, 19, 'New item 2', '34324', NULL, '1', '34324', 1),
(21, 11, 19, 'New item 2', '34324', NULL, '1', '34324', 1),
(22, 12, 19, 'New item 2', '34324', NULL, '1', '34324', 1),
(23, 13, 19, 'New item 2', '34324', NULL, '1', '34324', 1),
(25, 14, 16, 'descriptio', '46', NULL, '1', '46', 1),
(28, 15, 15, 'yyy', '55', NULL, '1', '55', 1),
(29, 15, 19, 'New item 2', '34324', NULL, '1', '34324', 1);

-- --------------------------------------------------------

--
-- Table structure for table `purchase_return_has_item_serial_no`
--

CREATE TABLE `purchase_return_has_item_serial_no` (
  `ID` int(11) NOT NULL,
  `Purchase_Return_idPurchase_Return` int(11) NOT NULL,
  `Item_Serial_No_id` int(11) NOT NULL
) ENGINE=MyISAM DEFAULT CHARSET=latin1 COLLATE=latin1_swedish_ci;

--
-- Dumping data for table `purchase_return_has_item_serial_no`
--

INSERT INTO `purchase_return_has_item_serial_no` (`ID`, `Purchase_Return_idPurchase_Return`, `Item_Serial_No_id`) VALUES
(1, 9, 12),
(2, 10, 12),
(3, 11, 12),
(4, 12, 12),
(5, 13, 12);

-- --------------------------------------------------------

--
-- Table structure for table `quantity_type`
--

CREATE TABLE `quantity_type` (
  `idQuantity_Type` int(11) NOT NULL,
  `Description` varchar(50) NOT NULL
) ENGINE=MyISAM DEFAULT CHARSET=utf8mb4 COLLATE=utf8mb4_general_ci;

--
-- Dumping data for table `quantity_type`
--

INSERT INTO `quantity_type` (`idQuantity_Type`, `Description`) VALUES
(1, 'Kilogram(kg)'),
(2, 'Gram(g)'),
(3, 'Liter(l)'),
(4, 'Milileter(ml)'),
(5, 'No. Of Items');

-- --------------------------------------------------------

--
-- Table structure for table `quotation`
--

CREATE TABLE `quotation` (
  `idQuotation` int(11) NOT NULL,
  `Quotation_Number` varchar(45) NOT NULL,
  `Customer_idCustomer` int(11) NOT NULL,
  `Date` varchar(45) DEFAULT NULL,
  `Expire_Date` varchar(45) DEFAULT NULL,
  `SubTotal` varchar(45) DEFAULT NULL,
  `Discount_Type` varchar(20) NOT NULL,
  `Discount` varchar(45) DEFAULT NULL,
  `Total` varchar(45) DEFAULT NULL,
  `Note` text DEFAULT NULL,
  `Status` int(11) NOT NULL,
  `Branch_idBranch` int(11) NOT NULL
) ENGINE=InnoDB DEFAULT CHARSET=latin1 COLLATE=latin1_swedish_ci;

--
-- Dumping data for table `quotation`
--

INSERT INTO `quotation` (`idQuotation`, `Quotation_Number`, `Customer_idCustomer`, `Date`, `Expire_Date`, `SubTotal`, `Discount_Type`, `Discount`, `Total`, `Note`, `Status`, `Branch_idBranch`) VALUES
(1, 'ABC1000', 5, '2024-03-12', '2024-03-14', '650', '', '5', '645', NULL, 1, 1),
(2, '', 4, '2024-03-12', '2024-03-27', '845', '', '0', '845', NULL, 0, 1),
(3, 'ABC1000', 6, '2024-03-20', '2024-03-28', '7492.368', '', '5', '7117.7496', 'note', 1, 1),
(4, 'ABC1001', 4, '2024-03-15', '2024-03-27', '44', '', '44', '24.64', NULL, 1, 1),
(5, 'ABC1002', 6, '2024-03-18', '2024-03-20', '1075.25', '', '2', '1053.745', 'hh', 1, 1),
(6, 'ABC1003', 7, '2024-03-19', '2024-03-20', '650', '', '0', '650', NULL, 1, 1),
(7, 'ABC1004', 6, '2024-03-26', '2024-03-20', '1438.1000000000001', '', '5', '1366.1950000000002', 'note', 1, 1),
(8, 'ABC1005', 5, '2024-03-26', '2024-03-20', '88.54', '', '0', '88.54', NULL, 0, 1),
(9, 'ABC1006', 5, '2024-03-26', '2024-03-21', '88.54', '', '0', '88.54', NULL, 0, 1),
(10, 'ABC1007', 6, '2024-03-28', '2024-03-27', '44', '', '5', '41.8', NULL, 1, 1),
(11, 'ABC1008', 6, '2024-03-28', '2024-03-27', '539.75', '', '4', '518.16', NULL, 0, 1),
(12, 'ABC1009', 5, '2024-03-29', '2024-03-29', '39', 'percentage', '5', '37.05', NULL, 0, 1),
(13, 'ABC1010', 4, '2024-03-29', '2024-03-29', '535', 'amount', '30', '505', 't', 0, 1),
(14, 'ABC1011', 15, '2024-04-10', '2024-05-06', '44', 'percentage', '0', '44', NULL, 0, 1),
(15, 'ABC1012', 20, '2024-05-08', '2024-05-14', '10', 'percentage', '0', '10', NULL, 0, 1),
(16, 'ABC1013', 20, '2024-05-08', '2024-06-05', '324324', 'percentage', '0', '324324', NULL, 0, 1),
(17, 'ABC1014', 20, '2024-05-08', '2024-05-23', '7654', 'percentage', '0', '7654', NULL, 0, 1),
(18, 'ABC1015', 20, '2024-05-08', '2024-05-28', '10', 'percentage', '0', '10', NULL, 0, 1),
(19, 'ABC1016', 20, '2024-05-19', '2024-05-16', '324324', 'percentage', '0', '324324', NULL, 0, 1);

-- --------------------------------------------------------

--
-- Table structure for table `quotation_has_item`
--

CREATE TABLE `quotation_has_item` (
  `Id` int(11) NOT NULL,
  `Quotation_idQuotation` int(11) NOT NULL,
  `Item_idItem` int(11) NOT NULL,
  `Rate` varchar(45) DEFAULT NULL,
  `Qty_Type` varchar(45) DEFAULT NULL,
  `Qty` varchar(45) DEFAULT NULL,
  `Amount` varchar(45) DEFAULT NULL,
  `Discount_Type` varchar(20) NOT NULL,
  `Discount` varchar(45) DEFAULT NULL,
  `Total_Amount` varchar(45) DEFAULT NULL,
  `Branch_idBranch` int(11) NOT NULL
) ENGINE=InnoDB DEFAULT CHARSET=latin1 COLLATE=latin1_swedish_ci;

--
-- Dumping data for table `quotation_has_item`
--

INSERT INTO `quotation_has_item` (`Id`, `Quotation_idQuotation`, `Item_idItem`, `Rate`, `Qty_Type`, `Qty`, `Amount`, `Discount_Type`, `Discount`, `Total_Amount`, `Branch_idBranch`) VALUES
(1, 1, 3, '650', NULL, '1', NULL, '', NULL, NULL, 1),
(2, 2, 3, '650', NULL, '1.3', NULL, '', NULL, NULL, 1),
(3, 3, 3, '650', NULL, '5', '3250', '', '4', '3120', 1),
(4, 3, 3, '650.65', NULL, '7', '4554.55', '', '4', '4372.368', 1),
(5, 4, 7, '44', NULL, '1', '44', '', '0', '44', 1),
(6, 5, 3, '655', NULL, '1', '655', '', '1', '648.45', 1),
(7, 5, 7, '44', NULL, '10', '440', '', '3', '426.8', 1),
(8, 6, 3, '650', NULL, '1', '650', '', '0', '650', 1),
(9, 7, 6, '22', NULL, '5', '110', '', '0', '110', 1),
(10, 7, 8, '88.54', NULL, '15', '1328.1000000000001', '', '0', '1328.1000000000001', 1),
(11, 8, 8, '88.54', NULL, '1', '88.54', '', '0', '88.54', 1),
(12, 9, 8, '88.54', NULL, '1', '88.54', '', '0', '88.54', 1),
(13, 10, 16, '44', NULL, '1', '44', '', '0', '44', 1),
(14, 11, 17, '545', NULL, '1', '545', '', '5', '517.75', 1),
(15, 11, 13, '22', NULL, '1', '22', '', '0', '22', 1),
(16, 12, 16, '44', NULL, '1', '44', 'amount', '5', '39', 1),
(17, 13, 14, '555', NULL, '1', '555', 'amount', '20', '535', 1),
(18, 14, 16, '44', NULL, '1', '44', 'percentage', '0', '44', 1),
(19, 15, 22, '10', NULL, '1', '10', 'percentage', '0', '10', 1),
(20, 16, 20, '324324', NULL, '1', '324324', 'percentage', '0', '324324', 1),
(21, 17, 21, '7654', NULL, '1', '7654', 'percentage', '0', '7654', 1),
(22, 18, 22, '10', NULL, '1', '10', 'percentage', '0', '10', 1),
(23, 19, 24, '324324', NULL, '1', '324324', 'percentage', '0', '324324', 1);

-- --------------------------------------------------------

--
-- Table structure for table `rules`
--

CREATE TABLE `rules` (
  `idRules` int(11) NOT NULL,
  `Branch_idBranch` int(11) NOT NULL,
  `Invoice_No_Start_With` varchar(45) DEFAULT NULL,
  `Invoice_No_Strat_From` int(11) DEFAULT NULL,
  `Invoice_template` varchar(45) DEFAULT NULL,
  `Order_No_Start_With` varchar(45) DEFAULT NULL,
  `Order_No_Strat_From` int(11) DEFAULT NULL,
  `Order_template` varchar(45) DEFAULT NULL,
  `Return_No_Start_With` varchar(45) DEFAULT NULL,
  `Return_No_Strat_From` varchar(45) DEFAULT NULL,
  `Return_template` varchar(45) DEFAULT NULL,
  `GRN_No_Start_With` varchar(45) DEFAULT NULL,
  `GRN_No_Strat_From` varchar(45) DEFAULT NULL,
  `GRN_template` varchar(45) DEFAULT NULL
) ENGINE=InnoDB DEFAULT CHARSET=latin1 COLLATE=latin1_swedish_ci;

--
-- Dumping data for table `rules`
--

INSERT INTO `rules` (`idRules`, `Branch_idBranch`, `Invoice_No_Start_With`, `Invoice_No_Strat_From`, `Invoice_template`, `Order_No_Start_With`, `Order_No_Strat_From`, `Order_template`, `Return_No_Start_With`, `Return_No_Strat_From`, `Return_template`, `GRN_No_Start_With`, `GRN_No_Strat_From`, `GRN_template`) VALUES
(1, 1, 'INV', 1000, '1', 'ABC', 1000, '1', 'RET', '1000', '1', 'GRN', '1000', '1');

-- --------------------------------------------------------

--
-- Table structure for table `stock_card`
--

CREATE TABLE `stock_card` (
  `idStock_Card` int(11) NOT NULL,
  `Date` varchar(45) DEFAULT NULL,
  `Description` varchar(75) DEFAULT NULL,
  `Transaction_Type` varchar(45) DEFAULT NULL,
  `Transaction_ID` varchar(45) DEFAULT NULL,
  `Cost` varchar(45) DEFAULT NULL,
  `Real_Cost` varchar(45) DEFAULT NULL,
  `Sell_Price` varchar(45) DEFAULT NULL,
  `IN_Stock` varchar(45) DEFAULT NULL,
  `Out_Stock` varchar(45) DEFAULT NULL,
  `SIH` varchar(45) DEFAULT NULL,
  `Branch_idBranch` int(11) NOT NULL
) ENGINE=InnoDB DEFAULT CHARSET=latin1 COLLATE=latin1_swedish_ci;

--
-- Dumping data for table `stock_card`
--

INSERT INTO `stock_card` (`idStock_Card`, `Date`, `Description`, `Transaction_Type`, `Transaction_ID`, `Cost`, `Real_Cost`, `Sell_Price`, `IN_Stock`, `Out_Stock`, `SIH`, `Branch_idBranch`) VALUES
(1, '2024-03-11 22:01:46', 'item two', 'GRN', '2', '400', '489.1127272727272', '650', '1', '0', '11', 1),
(2, '2024-03-11 22:01:46', 'item three', 'GRN', '2', '500', '497.75454545454545', '650', '1', '0', '11', 1),
(3, '2024-03-11 22:04:26', 'item one', 'GRN', '3', '500', '500', '650', '1', '0', '11', 1),
(4, '2024-03-11 22:09:13', 'item two', 'GRN', '4', '400', '475.7650793650793', '650', '1.6', '0', '12.6', 1),
(5, '2024-03-12 18:08:23', '44', 'INVOICE', '1', '44', '44', '44', '0', '1', '-1', 1),
(6, '2024-03-12 18:16:20', 'item three', 'INVOICE', '2', '500', '497.75454545454545', '650', '0', '10', '1', 1),
(7, '2024-03-12 18:16:20', 'item two', 'INVOICE', '2', '400', '475.7650793650793', '650', '0', '5', '7.6', 1),
(8, '2024-03-18 19:13:39', 'item two', 'GRN', '6', '2632', '427.9325070667536', '650', '7', '0', '14.6', 1),
(9, '2024-03-18 19:13:39', 'item two', 'GRN', '6', '376', '464.1644887412329', '650', '1', '0', '8.6', 1),
(10, '2024-03-19 16:53:15', 'ff', 'DAMAGE', '1', '55.5', '55.5', '555', '0', '1', '-1', 1),
(11, '2024-03-23 12:46:35', 'item two', 'GRN', '4', '614.4', '451.58966697790225', '650', '1.6', '0', '10.2', 1),
(12, '2024-03-23 13:13:52', 'item three', 'GRN', '12', '500', '498.8772727272727', '650', '1', '0', '2', 1),
(13, '2024-03-23 13:14:51', '44', 'GRN', '13', '440', '44', '44', '10', '0', '9', 1),
(14, '2024-03-23 13:14:51', 'item one', 'GRN', '13', '5000', '500', '650', '10', '0', '21', 1),
(15, '2024-03-23 13:30:31', 'item three', 'GRN', '15', '500', '499.25151515151515', '650', '1', '0', '3', 1),
(16, '2024-03-23 13:42:29', 'item three', 'GRN', '17', '500', '500', '650', '1', '0', '5', 1),
(17, '2024-03-25 19:16:05', '44', 'PURCHASE RETURN', '3', '80', '44', '44', '0', '5', '4', 1),
(18, '2024-03-25 19:16:05', 'item two', 'PURCHASE RETURN', '3', '400', '451.58966697790225', '650', '0', '8', '2.1999999999999993', 1),
(19, '2024-03-25 22:58:13', '44', 'GRN', '18', '418', '118.8', '44', '1', '0', '5', 1),
(20, '2024-03-25 22:58:13', 'ff', 'GRN', '18', '475', '495.8333333333333', '555', '1', '0', '6', 1),
(21, '2024-03-25 22:58:13', 'item three', 'GRN', '18', '475', '493.18863636363636', '650', '1', '0', '4', 1),
(22, '2024-03-26 12:47:16', 'ff', 'GRN', '27', '437.7125', '487.53035714285716', '555', '1', '0', '7', 1),
(23, '2024-03-26 12:47:16', '82', 'GRN', '27', '128.04', '85.36', '88.54', '1.5', '0', '1.5', 1),
(24, '2024-03-26 15:20:03', 'item three', 'INVOICE', '10', '475', '493.18863636363636', '650', '0', '1.6', '2.4', 1),
(25, '2024-03-26 15:20:03', '44', 'INVOICE', '10', '418', '118.8', '44', '0', '10', '-5', 1),
(26, '2024-03-26 16:10:49', '44', 'DAMAGE', '2', '418', '118.8', '44', '0', '1', '-6', 1),
(27, '2024-03-26 16:12:35', '44', 'DAMAGE', '3', '418', '118.8', '44', '0', '1', '-7', 1),
(28, '2024-03-26 16:14:39', '82', 'DAMAGE', '4', '128.04', '85.36', '88.54', '0', '1', '0.5', 1),
(29, '2024-03-28 09:52:09', 'descriptio', 'INVOICE', '11', '46', '46', '44', '0', '1', '-1', 1),
(30, '2024-03-28 09:52:09', 'yyy', 'INVOICE', '11', '55', '55', '55', '0', '6', '-6', 1),
(31, '2024-03-28 09:52:31', 'ff', 'DAMAGE', '5', '437.7125', '487.53035714285716', '555', '0', '1', '6', 1),
(32, '2024-03-28 16:39:42', '82', 'INVOICE', '12', '128.04', '85.36', '88.54', '0', '15', '-14.5', 1),
(33, '2024-03-28 16:41:00', 'item three', 'INVOICE', '13', '475', '493.18863636363636', '650', '0', '5', '-2.6', 1),
(34, '2024-03-28 16:41:00', 'item three', 'INVOICE', '13', '475', '493.18863636363636', '650', '0', '7', '-4.6', 1),
(35, '2024-03-28 16:52:31', 'item three', 'PURCHASE RETURN', '4', '475', '493.18863636363636', '650', '0', '1', '-5.6', 1),
(36, '2024-03-28 16:52:31', '82', 'PURCHASE RETURN', '4', '128.04', '85.36', '88.54', '0', '10', '-24.5', 1),
(37, '2024-03-29 13:05:47', 'ff', 'GRN', '26', '428.6875', '479.12423469387755', '555', '1', '0', '7', 1),
(38, '2024-03-29 13:05:47', '82', 'GRN', '26', '125.4', '85.47478260869566', '88.54', '1.5', '0', '-23', 1),
(39, '2024-03-29 16:04:22', 'yyy', 'INVOICE', '17', '55', '55', '55', '0', '1.6', '-7.6', 1),
(40, '2024-04-02 18:01:25', 'descriptio', 'INVOICE', '20', '46', '46', '44', '0', '1', '-2', 1),
(41, '2024-04-08 16:39:19', 'descriptio', 'INVOICE', '21', '46', '46', '44', '0', '1', '-3', 1),
(42, '2024-04-08 17:27:09', '82', 'GRN', '28', '125.4', '83.66000000000001', '88.54', '1', '0', '-22', 1),
(43, '2024-04-08 17:34:34', '82', 'GRN', '29', '125.4', '81.67238095238096', '88.54', '1', '0', '-21', 1),
(44, '2024-04-08 17:45:49', 'yyy', 'GRN', '30', '55', '55', '55', '1', '0', '-6.6', 1),
(45, '2024-04-09 09:35:17', 'descriptio', 'INVOICE', '23', '46', '46', '44', '0', '1', '-4', 1),
(46, '2024-04-09 09:44:10', 'descriptio', 'INVOICE', '24', '46', '46', '44', '0', '1', '-5', 1),
(47, '2024-04-09 09:44:10', 'yyy', 'INVOICE', '24', '55', '55', '55', '0', '12', '-18.6', 1),
(48, '2024-04-09 11:06:31', 'descriptio', 'INVOICE', '25', '46', '46', '44', '0', '1', '-6', 1),
(49, '2024-04-09 11:06:57', 'descriptio', 'INVOICE', '26', '46', '46', '44', '0', '1', '-7', 1),
(50, '2024-04-09 11:08:05', 'yyy', 'INVOICE', '27', '55', '55', '55', '0', '1', '-19.6', 1),
(51, '2024-04-09 11:08:22', 'yyy', 'INVOICE', '28', '55', '55', '55', '0', '1', '-20.6', 1),
(52, '2024-04-09 11:17:17', 'descriptio', 'INVOICE', '29', '46', '46', '44', '0', '1', '-8', 1),
(53, '2024-04-09 11:17:34', 'yyy', 'INVOICE', '30', '55', '55', '55', '0', '1', '-21.6', 1),
(54, '2024-04-09 11:17:59', 'descriptio', 'INVOICE', '31', '46', '46', '44', '0', '1', '-9', 1),
(55, '2024-04-09 11:18:14', 'descriptio', 'INVOICE', '32', '46', '46', '44', '0', '1', '-10', 1),
(56, '2024-04-10 10:48:55', '44', 'PURCHASE RETURN', '6', '418', '118.8', '44', '0', '2', '-9', 1),
(57, '2024-04-10 10:59:05', '82', 'CUSTOMER RETURN', '25', '125.4', '81.67238095238096', '88.54', '0', '1', '-20', 1),
(58, '2024-04-10 10:59:22', '44', 'CUSTOMER RETURN', '26', '418', '118.8', '44', '0', '1', '-8', 1),
(59, '2024-04-10 16:27:57', 'descriptio', 'INVOICE', '33', '46', '46', '44', '0', '1', '-11', 1),
(60, '2024-04-10 16:28:08', 'descriptio', 'INVOICE', '34', '46', '46', '44', '0', '1', '-12', 1),
(61, '2024-04-10 16:32:16', 'descriptio', 'INVOICE', '35', '46', '46', '44', '0', '1', '-13', 1),
(62, '2024-04-10 16:42:45', 'descriptio', 'INVOICE', '36', '46', '46', '44', '0', '1', '-14', 1),
(63, '2024-04-10 16:43:55', 'yyy', 'INVOICE', '37', '55', '55', '55', '0', '1', '-22.6', 1),
(64, '2024-04-10 17:46:06', 'descriptio', 'INVOICE', '38', '46', '46', '44', '0', '1', '-15', 1),
(65, '2024-04-18 10:43:34', '44', 'DAMAGE', '6', '418', '118.8', '44', '0', '13455', '-13464', 1),
(66, '2024-04-18 12:56:50', 'descriptio', 'INVOICE', '39', '46', '46', '44', '0', '13123213', '-13123228', 1),
(67, '2024-04-19 16:33:24', 'descriptio', 'CUSTOMER RETURN', '62', '46', '46', '44', '0', '1', '-13123227', 1),
(68, '2024-04-19 16:33:27', 'descriptio', 'CUSTOMER RETURN', '61', '46', '46', '44', '0', '1', '-13123226', 1),
(69, '2024-04-19 16:33:49', 'descriptio', 'DAMAGE', '7', '46', '46', '44', '0', '1', '-13123227', 1),
(70, '2024-04-19 16:41:16', 'New item 2', 'DAMAGE', '8', '34324', '34324', '324324', '0', '1', '-1', 1),
(71, '2024-04-19 16:46:07', 'New item 2', 'DAMAGE', '9', '34324', '34324', '324324', '0', '1', '-2', 1),
(72, '2024-04-19 16:47:32', 'New item 2', 'DAMAGE', '10', '34324', '34324', '324324', '0', '2', '-4', 1),
(73, '2024-04-19 17:00:06', 'New item 2', 'DAMAGE', '11', '34324', '34324', '324324', '0', '1', '-5', 1),
(74, '2024-04-19 17:00:40', 'New item 2', 'DAMAGE', '12', '34324', '34324', '324324', '0', '1', '-6', 1),
(75, '2024-04-19 17:02:16', 'New item 2', 'DAMAGE', '13', '34324', '34324', '324324', '0', '1', '-7', 1),
(76, '2024-04-19 17:47:24', 'New item 2', 'DAMAGE', '14', '34324', '34324', '324324', '0', '1', '-8', 1),
(77, '2024-04-19 17:48:23', 'New item 2', 'DAMAGE', '15', '34324', '34324', '324324', '0', '1', '-9', 1),
(78, '2024-04-19 17:52:05', 'New item 2', 'DAMAGE', '16', '34324', '34324', '324324', '0', '1', '-10', 1),
(79, '2024-04-19 18:24:02', 'New item 2', 'PURCHASE RETURN', '11', '34324', '34324', '324324', '0', '1', '-11', 1),
(80, '2024-04-19 18:33:01', 'New item 2', 'PURCHASE RETURN', '10', '34324', '34324', '324324', '0', '1', '-12', 1),
(81, '2024-04-19 18:33:15', 'New item 2', 'PURCHASE RETURN', '9', '34324', '34324', '324324', '0', '1', '-13', 1),
(82, '2024-04-22 10:41:47', 'descriptio', 'GRN', '48', '46', '46', '44', '1', '0', '-13123226', 1),
(83, '2024-04-22 12:33:51', 'yyy', 'PURCHASE RETURN', '15', '55', '55', '55', '0', '1', '-23.6', 1),
(84, '2024-04-22 12:33:51', 'New item 2', 'PURCHASE RETURN', '15', '34324', '34324', '324324', '0', '1', '-14', 1),
(85, '2024-04-22 14:44:48', 'New item 2', 'INVOICE', '49', '34324', '34324', '324324', '0', '1', '-15', 1),
(86, '2024-04-22 14:45:26', 'New item 2', 'INVOICE', '50', '34324', '34324', '324324', '0', '1', '-16', 1),
(87, '2024-04-22 14:47:07', 'New item 2', 'INVOICE', '51', '34324', '34324', '324324', '0', '1', '-17', 1),
(88, '2024-04-22 14:47:54', 'New item 2', 'INVOICE', '52', '34324', '34324', '324324', '0', '1', '-18', 1),
(89, '2024-04-22 17:15:01', 'New item', 'INVOICE', '53', '213', '213', '123123', '0', '1', '-1', 1),
(90, '2024-04-24 10:41:13', 'New item 2', 'INVOICE', '54', '34324', '34324', '324324', '0', '1', '-19', 1),
(91, '2024-04-24 10:42:03', 'New item 2', 'INVOICE', '55', '34324', '34324', '324324', '0', '1', '-20', 1),
(92, '2024-04-24 10:43:04', 'New item 2', 'GRN', '52', '102972', '34324', '324324', '3', '0', '-17', 1),
(93, '2024-04-24 10:43:22', 'New item 2', 'GRN', '51', '34324', '34324', '324324', '1', '0', '-16', 1),
(94, '2024-04-24 10:43:25', 'New item 2', 'GRN', '50', '34324', '34324', '324324', '1', '0', '-15', 1),
(95, '2024-04-24 10:43:25', 'descriptio', 'GRN', '50', '46', '46', '44', '1', '0', '-13123225', 1),
(96, '2024-04-24 10:43:28', 'New item 2', 'GRN', '49', '34324', '34324', '324324', '1', '0', '-14', 1),
(97, '2024-04-24 10:43:28', 'yyy', 'GRN', '49', '55', '55', '55', '1', '0', '-22.6', 1),
(98, '2024-04-24 10:43:56', 'New item 2', 'GRN', '53', '34324', '34324', '324324', '1', '0', '-13', 1),
(99, '2024-04-24 10:44:33', 'New item 2', 'GRN', '54', '102972', '34324', '324324', '3', '0', '-10', 1),
(100, '2024-04-24 10:45:03', 'New item 2', 'GRN', '55', '308916', '4903.428571428572', '324324', '3', '0', '-7', 1),
(101, '2024-04-24 10:45:27', 'New item 2', 'GRN', '56', '308916', '-45765.333333333336', '324324', '1', '0', '-6', 1),
(102, '2024-04-24 10:46:16', 'New item', 'INVOICE', '56', '213', '213', '123123', '0', '1', '-2', 1),
(103, '2024-04-24 15:52:24', 'New item 2', 'INVOICE', '57', '308916', '-45765.333333333336', '324324', '0', '2', '-8', 1),
(104, '2024-04-24 15:52:24', 'New item', 'INVOICE', '57', '213', '213', '123123', '0', '2', '-4', 1),
(105, '2024-04-24 15:53:18', 'New item 2', 'INVOICE', '58', '308916', '-45765.333333333336', '324324', '0', '2', '-10', 1),
(106, '2024-04-24 15:55:48', 'descriptio', 'INVOICE', '59', '46', '46', '44', '0', '1', '-13123226', 1),
(107, '2024-04-24 16:00:42', 'New item 2', 'INVOICE', '60', '308916', '-45765.333333333336', '324324', '0', '3', '-13', 1),
(108, '2024-04-24 16:01:48', 'New item 2', 'INVOICE', '61', '308916', '-45765.333333333336', '324324', '0', '3', '-16', 1),
(109, '2024-04-24 17:10:02', 'New item 2', 'INVOICE', '62', '308916', '-45765.333333333336', '324324', '0', '2', '-18', 1),
(110, '2024-04-24 17:17:06', 'New item', 'INVOICE', '63', '213', '213', '123123', '0', '1', '-5', 1),
(111, '2024-04-24 17:17:20', 'New item 2', 'INVOICE', '64', '308916', '-45765.333333333336', '324324', '0', '1', '-19', 1),
(112, '2024-04-24 18:14:30', 'New item 2', 'GRN', '63', '617832', '-87492.54901960785', '324324', '2', '0', '-17', 1),
(113, '2024-04-24 18:22:25', 'New item 2', 'INVOICE', '65', '617832', '-87492.54901960785', '324324', '0', '2', '-19', 1),
(114, '2024-04-24 18:22:25', 'New item', 'INVOICE', '65', '213', '213', '123123', '0', '1', '-6', 1),
(115, '2024-04-25 10:40:25', '5657645764', 'GRN', '65', '45440', '4544', '7654', '10', '0', '10', 1),
(116, '2024-04-25 10:42:37', 'tfft', 'GRN', '66', '100', '10', '10', '10', '0', '10', 1),
(117, '2024-04-25 10:45:36', 'Hello Sd', 'GRN', '67', '200', '20', '20', '10', '0', '10', 1),
(118, '2024-04-25 12:54:22', 'New item', 'INVOICE', '66', '213', '213', '123123', '0', '1', '-7', 1),
(119, '2024-04-25 13:14:53', 'New item 2', 'INVOICE', '67', '617832', '-87492.54901960785', '324324', '0', '6', '-25', 1),
(120, '2024-04-25 13:16:02', 'tfft', 'INVOICE', '68', '100', '10', '10', '0', '1', '9', 1),
(121, '2024-04-25 13:36:10', 'New item 2', 'INVOICE', '69', '617832', '-87492.54901960785', '324324', '0', '8', '-33', 1),
(122, '2024-04-29 15:10:36', 'Hello Sd', 'INVOICE', '70', '200', '20', '20', '0', '1', '9', 1),
(123, '2024-04-29 15:11:15', 'tfft', 'INVOICE', '71', '100', '10', '10', '0', '1', '8', 1),
(124, '2024-04-29 15:11:59', 'Hello Sd', 'INVOICE', '72', '200', '20', '20', '0', '1', '8', 1),
(125, '2024-04-29 15:12:52', 'tfft', 'INVOICE', '73', '100', '10', '10', '0', '1', '7', 1),
(126, '2024-04-29 15:13:30', 'tfft', 'INVOICE', '74', '100', '10', '10', '0', '1', '6', 1),
(127, '2024-04-29 15:14:05', 'tfft', 'INVOICE', '75', '100', '10', '10', '0', '1', '5', 1),
(128, '2024-04-29 16:04:18', 'New item', 'INVOICE', '76', '213', '213', '123123', '0', '1', '-8', 1),
(129, '2024-04-29 16:06:00', 'Hello Sd', 'INVOICE', '77', '200', '20', '20', '0', '1', '7', 1),
(130, '2024-04-29 16:15:03', 'Hello Sd', 'INVOICE', '78', '200', '20', '20', '0', '1', '6', 1),
(131, '2024-04-29 17:10:14', 'Hello Sd', 'INVOICE', '79', '200', '20', '20', '0', '1', '5', 1),
(132, '2024-04-29 17:11:15', 'Hello Sd', 'INVOICE', '80', '200', '20', '20', '0', '1', '4', 1),
(133, '2024-05-08 16:53:51', 'Hello Sd', 'INVOICE', '90', '200', '20', '20', '0', '1', '3', 1),
(134, '2024-05-19 19:11:28', 'Hello Sd', 'INVOICE', '91', '200', '20', '20', '0', '1', '2', 1),
(135, '2024-06-10 10:21:16', 'New item', 'INVOICE', '93', '213', '213', '123123', '0', '1', '-9', 1),
(136, '2024-06-10 10:21:36', 'tfft', 'INVOICE', '94', '100', '10', '10', '0', '1', '4', 1),
(137, '2024-06-10 10:29:04', 'Hello Sd', 'GRN', '69', '200', '200', '20', '1', '0', '3', 1);

-- --------------------------------------------------------

--
-- Table structure for table `supplier`
--

CREATE TABLE `supplier` (
  `idSupplier` int(11) NOT NULL,
  `Company_Name` varchar(45) DEFAULT NULL,
  `Agent_Name` varchar(45) DEFAULT NULL,
  `Contact_No` varchar(45) DEFAULT NULL,
  `Email` varchar(45) DEFAULT NULL,
  `Address1` varchar(45) DEFAULT NULL,
  `Address2` varchar(45) DEFAULT NULL,
  `Address3` varchar(45) DEFAULT NULL,
  `Status` varchar(45) DEFAULT NULL,
  `Branch_idBranch` int(11) NOT NULL
) ENGINE=InnoDB DEFAULT CHARSET=latin1 COLLATE=latin1_swedish_ci;

--
-- Dumping data for table `supplier`
--

INSERT INTO `supplier` (`idSupplier`, `Company_Name`, `Agent_Name`, `Contact_No`, `Email`, `Address1`, `Address2`, `Address3`, `Status`, `Branch_idBranch`) VALUES
(3, 'comapany test', 'Agent onevvv', '666666666', 'sachithra@gmail.com', 'ddd', 'dd', 'dd', '1', 1),
(17, 'Test Test Company', 'ff2', '0778739820', 'chamithkavishan01@gmail.com', 'No:04, Tharunasewa mawatha, Mahalanda, Moront', '', '', '1', 1),
(20, 'Test blu Company', 'ff2', '0778739820', 'chamithkavishan01@gmail.com', 'No:04, Tharunasewa mawatha, Mahalanda, Moront', '', '', '1', 1);

-- --------------------------------------------------------

--
-- Table structure for table `supplier_log`
--

CREATE TABLE `supplier_log` (
  `idSupplier_Log` int(11) NOT NULL,
  `Supplier_idSupplier` int(11) NOT NULL,
  `Date_Time` varchar(45) DEFAULT NULL,
  `Type` varchar(45) DEFAULT NULL,
  `Type_Id` varchar(45) DEFAULT NULL,
  `Credit` varchar(45) DEFAULT NULL,
  `Debit` varchar(45) DEFAULT NULL,
  `Total_Credit_Balance` varchar(45) DEFAULT NULL,
  `Payment_Type` varchar(45) DEFAULT NULL,
  `Payment_Method` varchar(45) DEFAULT NULL,
  `Cheque_Type` varchar(45) DEFAULT NULL,
  `Cheque_No` varchar(45) DEFAULT NULL,
  `Cheque_Date` varchar(45) DEFAULT NULL,
  `Cheque_Name` varchar(45) DEFAULT NULL,
  `Branch_idBranch` int(11) NOT NULL
) ENGINE=InnoDB DEFAULT CHARSET=latin1 COLLATE=latin1_swedish_ci;

--
-- Dumping data for table `supplier_log`
--

INSERT INTO `supplier_log` (`idSupplier_Log`, `Supplier_idSupplier`, `Date_Time`, `Type`, `Type_Id`, `Credit`, `Debit`, `Total_Credit_Balance`, `Payment_Type`, `Payment_Method`, `Cheque_Type`, `Cheque_No`, `Cheque_Date`, `Cheque_Name`, `Branch_idBranch`) VALUES
(1, 1, '2024-03-26 22:01:46', 'GRN', '2', '', '0', '0', 'full', 'cheque', '', '', '', '', 1),
(2, 1, '2024-03-11 22:04:26', 'GRN', '3', '', '0', '0', 'full', 'cash', '', '', '', '', 1),
(3, 1, '2024-03-11 22:09:13', 'GRN', '4', '', '550', '0', 'half', 'cash', '', '', '', '', 1),
(4, 1, '2024-03-18 19:13:39', 'GRN', '6', '', '600', '0', 'half', 'cash', '', '', '', '', 1),
(5, 1, '2024-03-23 12:46:52', 'GRN', '9', '2658', '444', '2658', 'half', 'cash', '', '', '', '', 1),
(6, 1, '2024-03-23 12:47:43', 'GRN', '9', '2658', '444', '5316', 'half', 'cash', '', '', '', '', 1),
(7, 1, '2024-03-23 12:47:53', 'GRN', '9', '2658', '444', '7974', 'half', 'cash', '', '', '', '', 1),
(8, 1, '2024-03-23 12:48:02', 'GRN', '9', '2658', '444', '10632', 'half', 'cash', '', '', '', '', 1),
(9, 1, '2024-03-23 13:13:52', 'GRN', '12', '470', '522', '11102', 'credit', '', '', '', '', '', 1),
(10, 3, '2024-03-23 13:30:31', 'GRN', '15', '500', '', '500', 'credit', '', '', '', '', '', 1),
(11, 1, '2024-03-25 19:16:05', 'PURCHASE RETURN', '3', '-', '3600', '7502', '-', '-', '-', '-', '-', '-', 1),
(12, 1, '2024-03-28 16:52:31', 'PURCHASE RETURN', '4', '-', '1755.3999999999999', '5746.6', '-', '-', '-', '-', '-', '-', 1),
(13, 4, '2024-04-10 10:48:55', 'PURCHASE RETURN', '6', '-', '836', '-836', '-', '-', '-', '-', '-', '-', 1),
(14, 3, '2024-04-19 18:22:13', 'PURCHASE RETURN', '13', '-', '34324', '-33824', '-', '-', '-', '-', '-', '-', 1),
(15, 3, '2024-04-19 18:22:30', 'PURCHASE RETURN', '12', '-', '34324', '-68148', '-', '-', '-', '-', '-', '-', 1),
(16, 3, '2024-04-19 18:24:02', 'PURCHASE RETURN', '11', '-', '34324', '-102472', '-', '-', '-', '-', '-', '-', 1),
(17, 17, '2024-04-19 18:33:01', 'PURCHASE RETURN', '10', '-', '34324', '-34324', '-', '-', '-', '-', '-', '-', 1),
(18, 3, '2024-04-19 18:33:15', 'PURCHASE RETURN', '9', '-', '34324', '-136796', '-', '-', '-', '-', '-', '-', 1),
(19, 3, '2024-04-22 12:33:51', 'PURCHASE RETURN', '15', '-', '34379', '-171175', '-', '-', '-', '-', '-', '-', 1);

-- --------------------------------------------------------

--
-- Table structure for table `user`
--

CREATE TABLE `user` (
  `idUser` int(11) NOT NULL,
  `First_Name` varchar(100) NOT NULL,
  `Last_Name` varchar(100) NOT NULL,
  `User_Name` varchar(45) DEFAULT NULL,
  `Password` varchar(255) DEFAULT NULL,
  `Email` varchar(45) DEFAULT NULL,
  `Tp` varchar(45) DEFAULT NULL,
  `Status` varchar(45) DEFAULT NULL,
  `Branch_idBranch` int(11) NOT NULL
) ENGINE=InnoDB DEFAULT CHARSET=latin1 COLLATE=latin1_swedish_ci;

--
-- Dumping data for table `user`
--

INSERT INTO `user` (`idUser`, `First_Name`, `Last_Name`, `User_Name`, `Password`, `Email`, `Tp`, `Status`, `Branch_idBranch`) VALUES
(19, 'Sayuru', 'Kalpana', 'admin@gmail.com', '$2a$10$Ulv9wr/LHRsfjXFr8FwDduYRfzQ8q/FkoKpF4r1KO7Zfva8vz2yuG', 'admin@gmail.com', NULL, '1', 1),
(20, 'test', 'test', 'test@gmail.com', '$2a$10$60nV2KY8rO9stgdMT.1p7.d8yb4dcYKIvLXd7.XLG5fdRRI83Yfci', 'test@gmail.com', NULL, '1', 1);

-- --------------------------------------------------------

--
-- Table structure for table `user_log`
--

CREATE TABLE `user_log` (
  `idUser_Log` int(11) NOT NULL,
  `User_idUser` int(11) NOT NULL,
  `Date_Time` varchar(45) DEFAULT NULL,
  `Task_Type` varchar(945) DEFAULT NULL,
  `Task_ID` varchar(45) DEFAULT NULL,
  `Task_Category` varchar(45) DEFAULT NULL,
  `Branch_idBranch` int(11) NOT NULL
) ENGINE=InnoDB DEFAULT CHARSET=latin1 COLLATE=latin1_swedish_ci;

--
-- Dumping data for table `user_log`
--

INSERT INTO `user_log` (`idUser_Log`, `User_idUser`, `Date_Time`, `Task_Type`, `Task_ID`, `Task_Category`, `Branch_idBranch`) VALUES
(1, 1, '2024-03-26 12:38', 'GRN', '27', 'create', 1),
(2, 1, '2024-03-26 12:40', 'GRN', '27', 'edit', 1),
(3, 1, '2024-03-26 12:47', 'GRN', '27', 'process', 1),
(4, 1, '2024-03-26 12:55', 'Customer', NULL, 'create', 1),
(5, 1, '2024-03-26 12:56', 'Customer', '12', 'create', 1),
(6, 1, '2024-03-26 13:05', 'Customer', '12', 'edit', 1),
(7, 1, '2024-03-26 13:09', 'Customer', '11', 'edit', 1),
(8, 1, '2024-03-26 13:13', 'Customer', '11', 'change status', 1),
(9, 1, '2024-03-26 15:17', 'Quotation', '9', 'create', 1),
(10, 1, '2024-03-26 15:58', 'Item', '17', 'create', 1),
(11, 1, '2024-03-26 16:03', 'Item', '16', 'edit', 1),
(12, 1, '2024-03-26 16:14', 'Damage Note', '4', 'create', 1),
(13, 1, '2024-03-26 16:18', 'Supplier', '8', 'create', 1),
(14, 1, '2024-03-26 16:21', 'Supplier', '1', 'edit', 1),
(15, 1, '2024-03-26 16:23', 'Supplier', '1', 'change status', 1),
(16, 1, '2024-03-26 16:24', 'Supplier', '1', 'change status', 1),
(17, 1, '2024-03-28 09:51', 'Quotation', '10', 'create', 1),
(18, 1, '2024-03-28 09:52', 'Damage Note', '5', 'create', 1),
(19, 1, '2024-03-28 16:41', 'INVOICE', '13', 'create', 1),
(20, 1, '2024-03-28 16:44', 'Purchase Return', '4', 'create', 1),
(21, 1, '2024-03-28 16:46', 'Purchase Return', '4', 'edit', 1),
(22, 1, '2024-03-28 16:52', 'Purchase Return', '4', 'process', 1),
(23, 1, '2024-03-28 17:22', 'Supplier', '1', 'edit', 1),
(24, 1, '2024-03-28 22:04', 'Quotation', '11', 'create', 1),
(25, 1, '2024-03-29 13:05', 'GRN', '26', 'process', 1),
(26, 1, '2024-03-29 16:04', 'Invoice', '17', 'create', 1),
(27, 1, '2024-03-29 16:12', 'Invoice', '18', 'create', 1),
(28, 1, '2024-03-29 16:28', 'Quotation', '12', 'create', 1),
(29, 1, '2024-03-29 16:35', 'Quotation', '13', 'create', 1),
(30, 1, '2024-04-01 08:23', 'Invoice', '19', 'create', 1),
(31, 1, '2024-04-02 18:01', 'Invoice', '20', 'create', 1),
(32, 1, '2024-04-02 18:10', 'Customer', '13', 'create', 1),
(33, 1, '2024-04-02 18:12', 'Customer', '14', 'create', 1),
(34, 1, '2024-04-08 16:39', 'Invoice', '21', 'create', 1),
(35, 1, '2024-04-08 16:43', 'Customer', '15', 'create', 1),
(36, 1, '2024-04-08 16:44', 'Invoice', '22', 'create', 1),
(37, 1, '2024-04-08 17:08', 'Supplier', '9', 'create', 1),
(38, 1, '2024-04-08 17:26', 'Supplier', '10', 'create', 1),
(39, 1, '2024-04-08 17:26', 'Supplier', '11', 'create', 1),
(40, 1, '2024-04-08 17:27', 'GRN', '28', 'create', 1),
(41, 1, '2024-04-08 17:27', 'GRN', '28', 'process', 1),
(42, 1, '2024-04-08 17:28', 'Supplier', '12', 'create', 1),
(43, 1, '2024-04-08 17:29', 'Supplier', '13', 'create', 1),
(44, 1, '2024-04-08 17:29', 'Supplier', '14', 'create', 1),
(45, 1, '2024-04-08 17:30', 'Supplier', '15', 'create', 1),
(46, 1, '2024-04-08 17:31', 'Supplier', '16', 'create', 1),
(47, 1, '2024-04-08 17:32', 'Supplier', '17', 'create', 1),
(48, 1, '2024-04-08 17:33', 'Supplier', '18', 'create', 1),
(49, 1, '2024-04-08 17:34', 'GRN', '29', 'create', 1),
(50, 1, '2024-04-08 17:34', 'GRN', '29', 'process', 1),
(51, 1, '2024-04-08 17:45', 'Supplier', '19', 'create', 1),
(52, 1, '2024-04-08 17:45', 'Supplier', '20', 'create', 1),
(53, 1, '2024-04-08 17:45', 'Supplier', '20', 'edit', 1),
(54, 1, '2024-04-08 17:45', 'GRN', '30', 'create', 1),
(55, 1, '2024-04-08 17:45', 'GRN', '30', 'process', 1),
(56, 11, '2024-04-09 09:35', 'Invoice', '23', 'create', 1),
(57, 11, '2024-04-09 09:44', 'Invoice', '24', 'create', 1),
(58, 11, '2024-04-09 11:06', 'Invoice', '25', 'create', 1),
(59, 11, '2024-04-09 11:06', 'Invoice', '26', 'create', 1),
(60, 11, '2024-04-09 11:08', 'Invoice', '27', 'create', 1),
(61, 11, '2024-04-09 11:08', 'Invoice', '28', 'create', 1),
(62, 11, '2024-04-09 11:17', 'Invoice', '29', 'create', 1),
(63, 11, '2024-04-09 11:17', 'Invoice', '30', 'create', 1),
(64, 11, '2024-04-09 11:17', 'Invoice', '31', 'create', 1),
(65, 11, '2024-04-09 11:18', 'Invoice', '32', 'create', 1),
(66, 11, '2024-04-09 14:51', 'Customer Return', '1', 'create', 1),
(67, 11, '2024-04-09 16:39', 'Customer Return', '1', 'edit', 1),
(68, 11, '2024-04-09 16:41', 'Customer Return', '2', 'create', 1),
(69, 11, '2024-04-09 16:48', 'Customer Return', '3', 'create', 1),
(70, 11, '2024-04-09 16:51', 'Customer Return', '4', 'create', 1),
(71, 11, '2024-04-09 16:52', 'Customer Return', '5', 'create', 1),
(72, 11, '2024-04-09 17:54', 'Customer Return', '6', 'create', 1),
(73, 1, '2024-04-10 09:24', 'Customer Return', '7', 'create', 1),
(74, 1, '2024-04-10 09:29', 'Quotation', '14', 'create', 1),
(75, 1, '2024-04-10 09:32', 'Purchase Return', '5', 'create', 1),
(76, 1, '2024-04-10 09:46', 'Customer Return', '8', 'create', 1),
(77, 1, '2024-04-10 09:53', 'Customer Return', '9', 'create', 1),
(78, 1, '2024-04-10 09:55', 'Purchase Return', '5', 'edit', 1),
(79, 1, '2024-04-10 09:59', 'Customer Return', '10', 'create', 1),
(80, 1, '2024-04-10 10:01', 'Customer Return', '11', 'create', 1),
(81, 1, '2024-04-10 10:02', 'Customer Return', '12', 'create', 1),
(82, 1, '2024-04-10 10:10', 'Customer Return', '13', 'create', 1),
(83, 1, '2024-04-10 10:10', 'Customer Return', '13', 'edit', 1),
(84, 1, '2024-04-10 10:11', 'Customer Return', '14', 'create', 1),
(85, 1, '2024-04-10 10:11', 'Customer Return', '14', 'edit', 1),
(86, 1, '2024-04-10 10:12', 'Customer Return', '15', 'create', 1),
(87, 1, '2024-04-10 10:14', 'Purchase Return', '6', 'create', 1),
(88, 1, '2024-04-10 10:14', 'Purchase Return', '6', 'edit', 1),
(89, 1, '2024-04-10 10:14', 'Purchase Return', '5', 'edit', 1),
(90, 1, '2024-04-10 10:17', 'Customer Return', '16', 'create', 1),
(91, 1, '2024-04-10 10:17', 'Customer Return', '16', 'edit', 1),
(92, 1, '2024-04-10 10:24', 'Customer Return', '17', 'create', 1),
(93, 1, '2024-04-10 10:27', 'Customer Return', '18', 'create', 1),
(94, 1, '2024-04-10 10:28', 'Customer Return', '19', 'create', 1),
(95, 1, '2024-04-10 10:29', 'Customer Return', '19', 'edit', 1),
(96, 1, '2024-04-10 10:30', 'Customer Return', '20', 'create', 1),
(97, 1, '2024-04-10 10:30', 'Customer Return', '20', 'edit', 1),
(98, 1, '2024-04-10 10:47', 'Customer Return', '21', 'create', 1),
(99, 1, '2024-04-10 10:48', 'Purchase Return', '6', 'process', 1),
(100, 1, '2024-04-10 10:49', 'Customer Return', '22', 'create', 1),
(101, 1, '2024-04-10 10:55', 'Customer Return', '23', 'create', 1),
(102, 1, '2024-04-10 10:57', 'Customer Return', '24', 'create', 1),
(103, 1, '2024-04-10 10:59', 'Customer Return', '25', 'create', 1),
(104, 1, '2024-04-10 10:59', 'Customer Return', '25', 'process', 1),
(105, 1, '2024-04-10 10:59', 'Customer Return', '26', 'create', 1),
(106, 1, '2024-04-10 10:59', 'Customer Return', '26', 'process', 1),
(107, 1, '2024-04-10 11:05', 'Customer Return', '27', 'create', 1),
(108, 1, '2024-04-10 11:07', 'Purchase Return', '5', 'edit', 1),
(109, 1, '2024-04-10 11:12', 'Purchase Return', '7', 'create', 1),
(110, 1, '2024-04-10 11:14', 'Customer Return', '28', 'create', 1),
(111, 1, '2024-04-10 11:26', 'Customer Return', '29', 'create', 1),
(112, 1, '2024-04-10 11:29', 'Customer Return', '30', 'create', 1),
(113, 1, '2024-04-10 11:29', 'Customer Return', '30', 'edit', 1),
(114, 1, '2024-04-10 11:31', 'Customer Return', '31', 'create', 1),
(115, 1, '2024-04-10 11:31', 'Customer Return', '31', 'edit', 1),
(116, 1, '2024-04-10 11:33', 'Customer Return', '32', 'create', 1),
(117, 1, '2024-04-10 11:36', 'Customer Return', '33', 'create', 1),
(118, 1, '2024-04-10 11:37', 'Customer Return', '34', 'create', 1),
(119, 1, '2024-04-10 11:39', 'Customer Return', '35', 'create', 1),
(120, 1, '2024-04-10 11:53', 'Customer Return', '36', 'create', 1),
(121, 1, '2024-04-10 12:01', 'Customer Return', '37', 'create', 1),
(122, 1, '2024-04-10 12:01', 'Customer Return', '37', 'edit', 1),
(123, 1, '2024-04-10 12:03', 'Customer Return', '38', 'create', 1),
(124, 1, '2024-04-10 12:05', 'Customer Return', '39', 'create', 1),
(125, 1, '2024-04-10 12:05', 'Customer Return', '39', 'edit', 1),
(126, 1, '2024-04-10 12:05', 'Customer Return', '39', 'edit', 1),
(127, 1, '2024-04-10 12:06', 'Customer Return', '40', 'create', 1),
(128, 1, '2024-04-10 12:06', 'Customer Return', '40', 'edit', 1),
(129, 1, '2024-04-10 12:07', 'Customer Return', '41', 'create', 1),
(130, 1, '2024-04-10 12:10', 'Customer Return', '42', 'create', 1),
(131, 1, '2024-04-10 12:12', 'Customer Return', '43', 'create', 1),
(132, 1, '2024-04-10 12:14', 'Customer Return', '44', 'create', 1),
(133, 1, '2024-04-10 12:20', 'Customer Return', '45', 'create', 1),
(134, 1, '2024-04-10 12:20', 'Customer Return', '45', 'edit', 1),
(135, 1, '2024-04-10 12:20', 'Customer Return', '45', 'edit', 1),
(136, 1, '2024-04-10 12:20', 'Customer Return', '45', 'edit', 1),
(137, 1, '2024-04-10 13:23', 'Customer Return', '46', 'create', 1),
(138, 1, '2024-04-10 13:24', 'Customer Return', '46', 'edit', 1),
(139, 1, '2024-04-10 13:24', 'Customer Return', '46', 'edit', 1),
(140, 1, '2024-04-10 13:30', 'Customer Return', '46', 'edit', 1),
(141, 1, '2024-04-10 16:27', 'Invoice', '33', 'create', 1),
(142, 1, '2024-04-10 16:28', 'Invoice', '34', 'create', 1),
(143, 1, '2024-04-10 16:32', 'Invoice', '35', 'create', 1),
(144, 1, '2024-04-10 16:42', 'Invoice', '36', 'create', 1),
(145, 1, '2024-04-10 16:43', 'Invoice', '37', 'create', 1),
(146, 1, '2024-04-10 17:39', 'Customer', '16', 'create', 1),
(147, 1, '2024-04-10 17:46', 'Invoice', '38', 'create', 1),
(148, 1, '2024-04-10 17:59', 'Customer', '16', 'edit', 1),
(149, 1, '2024-04-10 18:00', 'Customer', '16', 'edit', 1),
(150, 1, '2024-04-17 09:30', 'Customer', '16', 'change status', 1),
(151, 1, '2024-04-17 09:30', 'Customer', '16', 'change status', 1),
(152, 1, '2024-04-17 11:09', 'GRN', '31', 'create', 1),
(153, 1, '2024-04-17 15:46', 'GRN', '32', 'create', 1),
(154, 1, '2024-04-17 15:48', 'GRN', '33', 'create', 1),
(155, 1, '2024-04-17 16:00', 'GRN', '34', 'create', 1),
(156, 1, '2024-04-17 16:04', 'GRN', '39', 'create', 1),
(157, 1, '2024-04-17 16:13', 'GRN', '41', 'create', 1),
(158, 1, '2024-04-17 16:18', 'GRN', '45', 'create', 1),
(159, 11, '2024-04-18 10:43', 'Damage Note', '6', 'create', 1),
(160, 11, '2024-04-18 11:11', 'GRN', '46', 'create', 1),
(161, 11, '2024-04-18 11:39', 'GRN', '47', 'create', 1),
(162, 11, '2024-04-18 12:22', 'GRN', '47', 'edit', 1),
(163, 11, '2024-04-18 12:42', 'GRN', '47', 'edit', 1),
(164, 11, '2024-04-18 12:56', 'Invoice', '39', 'create', 1),
(165, 11, '2024-04-18 15:27', 'Item', '18', 'create', 1),
(166, 11, '2024-04-18 15:28', 'Item', '19', 'create', 1),
(167, 11, '2024-04-18 15:53', 'Item', '19', 'edit', 1),
(168, 11, '2024-04-18 15:56', 'Item', '19', 'edit', 1),
(169, 11, '2024-04-18 15:57', 'Item', '19', 'edit', 1),
(170, 11, '2024-04-18 15:57', 'Item', '19', 'edit', 1),
(171, 11, '2024-04-18 16:01', 'Item', '19', 'edit', 1),
(172, 11, '2024-04-18 16:01', 'Item', '19', 'edit', 1),
(173, 11, '2024-04-19 10:26', 'Customer Return', '47', 'create', 1),
(174, 11, '2024-04-19 12:46', 'Customer Return', '48', 'create', 1),
(175, 11, '2024-04-19 12:47', 'Customer Return', '49', 'create', 1),
(176, 11, '2024-04-19 12:53', 'Customer Return', '50', 'create', 1),
(177, 11, '2024-04-19 12:54', 'Customer Return', '51', 'create', 1),
(178, 11, '2024-04-19 12:55', 'Customer Return', '52', 'create', 1),
(179, 11, '2024-04-19 13:34', 'Customer Return', '53', 'create', 1),
(180, 11, '2024-04-19 13:35', 'Customer Return', '54', 'create', 1),
(181, 11, '2024-04-19 13:45', 'Customer Return', '55', 'create', 1),
(182, 11, '2024-04-19 13:58', 'Customer Return', '56', 'create', 1),
(183, 11, '2024-04-19 13:59', 'Customer Return', '57', 'create', 1),
(184, 11, '2024-04-19 14:06', 'Customer Return', '58', 'create', 1),
(185, 11, '2024-04-19 15:09', 'Customer Return', '58', 'edit', 1),
(186, 11, '2024-04-19 15:09', 'Customer Return', '58', 'edit', 1),
(187, 11, '2024-04-19 15:10', 'Customer Return', '58', 'edit', 1),
(188, 11, '2024-04-19 15:29', 'Customer Return', '59', 'create', 1),
(189, 11, '2024-04-19 15:30', 'Customer Return', '59', 'edit', 1),
(190, 11, '2024-04-19 15:33', 'Customer Return', '59', 'edit', 1),
(191, 11, '2024-04-19 15:34', 'Customer Return', '59', 'edit', 1),
(192, 11, '2024-04-19 15:37', 'Customer Return', '59', 'edit', 1),
(193, 11, '2024-04-19 15:50', 'Purchase Return', '8', 'create', 1),
(194, 11, '2024-04-19 16:01', 'Customer Return', '65', 'create', 1),
(195, 11, '2024-04-19 16:02', 'GRN', '48', 'create', 1),
(196, 11, '2024-04-19 16:10', 'Customer Return', '68', 'create', 1),
(197, 11, '2024-04-19 16:33', 'Customer Return', '62', 'process', 1),
(198, 11, '2024-04-19 16:33', 'Customer Return', '61', 'process', 1),
(199, 11, '2024-04-19 16:33', 'Damage Note', '7', 'create', 1),
(200, 11, '2024-04-19 16:41', 'Damage Note', '8', 'create', 1),
(201, 11, '2024-04-19 16:46', 'Damage Note', '9', 'create', 1),
(202, 11, '2024-04-19 16:47', 'Damage Note', '10', 'create', 1),
(203, 11, '2024-04-19 17:00', 'Damage Note', '11', 'create', 1),
(204, 11, '2024-04-19 17:00', 'Damage Note', '12', 'create', 1),
(205, 11, '2024-04-19 17:02', 'Damage Note', '13', 'create', 1),
(206, 11, '2024-04-19 17:47', 'Damage Note', '14', 'create', 1),
(207, 11, '2024-04-19 17:48', 'Damage Note', '15', 'create', 1),
(208, 11, '2024-04-19 17:52', 'Damage Note', '16', 'create', 1),
(209, 11, '2024-04-19 18:17', 'Purchase Return', '9', 'create', 1),
(210, 11, '2024-04-19 18:18', 'Purchase Return', '10', 'create', 1),
(211, 11, '2024-04-19 18:18', 'Purchase Return', '11', 'create', 1),
(212, 11, '2024-04-19 18:20', 'Purchase Return', '12', 'create', 1),
(213, 11, '2024-04-19 18:20', 'Purchase Return', '13', 'create', 1),
(214, 11, '2024-04-19 18:24', 'Purchase Return', '11', 'process', 1),
(215, 11, '2024-04-19 18:33', 'Purchase Return', '10', 'process', 1),
(216, 11, '2024-04-19 18:33', 'Purchase Return', '9', 'process', 1),
(217, 11, '2024-04-22 09:21', 'Customer', '16', 'change status', 1),
(218, 11, '2024-04-22 09:21', 'Customer', '16', 'change status', 1),
(219, 11, '2024-04-22 09:42', 'Customer', '16', 'edit', 1),
(220, 11, '2024-04-22 10:11', 'Customer Return', '69', 'create', 1),
(221, 11, '2024-04-22 10:28', 'Item', '19', 'edit', 1),
(222, 11, '2024-04-22 10:41', 'GRN', '48', 'process', 1),
(223, 11, '2024-04-22 10:59', 'Purchase Return', '14', 'create', 1),
(224, 11, '2024-04-22 11:00', 'Purchase Return', '14', 'edit', 1),
(225, 11, '2024-04-22 11:56', 'GRN', '49', 'create', 1),
(226, 11, '2024-04-22 11:58', 'GRN', '50', 'create', 1),
(227, 11, '2024-04-22 12:16', 'Customer Return', '70', 'create', 1),
(228, 11, '2024-04-22 12:33', 'Purchase Return', '15', 'create', 1),
(229, 11, '2024-04-22 12:33', 'Purchase Return', '15', 'edit', 1),
(230, 11, '2024-04-22 12:33', 'Purchase Return', '15', 'process', 1),
(231, 11, '2024-04-22 14:44', 'Invoice', '49', 'create', 1),
(232, 11, '2024-04-22 14:45', 'Invoice', '50', 'create', 1),
(233, 11, '2024-04-22 14:47', 'Invoice', '51', 'create', 1),
(234, 11, '2024-04-22 14:47', 'Invoice', '52', 'create', 1),
(235, 11, '2024-04-22 14:52', 'GRN', '51', 'create', 1),
(236, 16, '2024-04-22 17:15', 'Invoice', '53', 'create', 1),
(237, 11, '2024-04-24 10:41', 'Invoice', '54', 'create', 1),
(238, 11, '2024-04-24 10:42', 'Invoice', '55', 'create', 1),
(239, 11, '2024-04-24 10:42', 'GRN', '52', 'create', 1),
(240, 11, '2024-04-24 10:43', 'GRN', '52', 'process', 1),
(241, 11, '2024-04-24 10:43', 'GRN', '51', 'process', 1),
(242, 11, '2024-04-24 10:43', 'GRN', '50', 'process', 1),
(243, 11, '2024-04-24 10:43', 'GRN', '49', 'process', 1),
(244, 11, '2024-04-24 10:43', 'GRN', '53', 'create', 1),
(245, 11, '2024-04-24 10:43', 'GRN', '53', 'process', 1),
(246, 11, '2024-04-24 10:44', 'GRN', '54', 'create', 1),
(247, 11, '2024-04-24 10:44', 'GRN', '54', 'process', 1),
(248, 11, '2024-04-24 10:44', 'GRN', '55', 'create', 1),
(249, 11, '2024-04-24 10:45', 'GRN', '55', 'process', 1),
(250, 11, '2024-04-24 10:45', 'GRN', '56', 'create', 1),
(251, 11, '2024-04-24 10:45', 'GRN', '56', 'process', 1),
(252, 11, '2024-04-24 10:46', 'Invoice', '56', 'create', 1),
(253, 11, '2024-04-24 15:52', 'Invoice', '57', 'create', 1),
(254, 11, '2024-04-24 15:53', 'Invoice', '58', 'create', 1),
(255, 11, '2024-04-24 15:55', 'Invoice', '59', 'create', 1),
(256, 11, '2024-04-24 16:00', 'GRN', '57', 'create', 1),
(257, 11, '2024-04-24 16:00', 'GRN', '58', 'create', 1),
(258, 11, '2024-04-24 16:00', 'Invoice', '60', 'create', 1),
(259, 11, '2024-04-24 16:01', 'GRN', '59', 'create', 1),
(260, 11, '2024-04-24 16:01', 'GRN', '60', 'create', 1),
(261, 11, '2024-04-24 16:01', 'Invoice', '61', 'create', 1),
(262, 11, '2024-04-24 16:29', 'GRN', '61', 'create', 1),
(263, 11, '2024-04-24 16:29', 'GRN', '62', 'create', 1),
(264, 11, '2024-04-24 17:10', 'Invoice', '62', 'create', 1),
(265, 11, '2024-04-24 17:17', 'Invoice', '63', 'create', 1),
(266, 11, '2024-04-24 17:17', 'Invoice', '64', 'create', 1),
(267, 11, '2024-04-24 18:14', 'GRN', '63', 'create', 1),
(268, 11, '2024-04-24 18:14', 'GRN', '63', 'process', 1),
(269, 11, '2024-04-24 18:22', 'Invoice', '65', 'create', 1),
(270, 11, '2024-04-25 09:48', 'Item', '19', 'edit', 1),
(271, 11, '2024-04-25 09:48', 'Item', '18', 'edit', 1),
(272, 11, '2024-04-25 09:49', 'Item', '16', 'edit', 1),
(273, 11, '2024-04-25 09:49', 'Item', '20', 'create', 1),
(274, 11, '2024-04-25 10:38', 'GRN', '64', 'create', 1),
(275, 11, '2024-04-25 10:39', 'Item', '21', 'create', 1),
(276, 11, '2024-04-25 10:40', 'GRN', '65', 'create', 1),
(277, 11, '2024-04-25 10:40', 'GRN', '65', 'process', 1),
(278, 11, '2024-04-25 10:42', 'Item', '22', 'create', 1),
(279, 11, '2024-04-25 10:42', 'GRN', '66', 'create', 1),
(280, 11, '2024-04-25 10:42', 'GRN', '66', 'process', 1),
(281, 11, '2024-04-25 10:45', 'Item', '23', 'create', 1),
(282, 11, '2024-04-25 10:45', 'GRN', '67', 'create', 1),
(283, 11, '2024-04-25 10:45', 'GRN', '67', 'process', 1),
(284, 11, '2024-04-25 12:54', 'Invoice', '66', 'create', 1),
(285, 11, '2024-04-25 13:14', 'Invoice', '67', 'create', 1),
(286, 11, '2024-04-25 13:16', 'Invoice', '68', 'create', 1),
(287, 11, '2024-04-25 13:36', 'Invoice', '69', 'create', 1),
(288, 11, '2024-04-29 13:18', 'Customer', '17', 'create', 1),
(289, 11, '2024-04-29 13:22', 'Customer', '18', 'create', 1),
(290, 11, '2024-04-29 13:26', 'Item', '24', 'create', 1),
(291, 11, '2024-04-29 13:56', 'Customer', '19', 'create', 1),
(292, 11, '2024-04-29 14:01', 'Customer', '18', 'edit', 1),
(293, 11, '2024-04-29 14:01', 'Customer', '19', 'edit', 1),
(294, 11, '2024-04-29 14:01', 'Customer', '19', 'edit', 1),
(295, 11, '2024-04-29 14:01', 'Customer', '19', 'edit', 1),
(296, 11, '2024-04-29 14:01', 'Customer', '19', 'edit', 1),
(297, 11, '2024-04-29 14:01', 'Customer', '19', 'edit', 1),
(298, 11, '2024-04-29 14:02', 'Customer', '19', 'edit', 1),
(299, 11, '2024-04-29 14:02', 'Customer', '19', 'edit', 1),
(300, 11, '2024-04-29 14:03', 'Customer', '19', 'edit', 1),
(301, 11, '2024-04-29 14:59', 'Customer', '20', 'create', 1),
(302, 11, '2024-04-29 15:10', 'Invoice', '70', 'create', 1),
(303, 11, '2024-04-29 15:11', 'Invoice', '71', 'create', 1),
(304, 11, '2024-04-29 15:11', 'Invoice', '72', 'create', 1),
(305, 11, '2024-04-29 15:12', 'Invoice', '73', 'create', 1),
(306, 11, '2024-04-29 15:13', 'Invoice', '74', 'create', 1),
(307, 11, '2024-04-29 15:14', 'Invoice', '75', 'create', 1),
(308, 11, '2024-04-29 16:04', 'Invoice', '76', 'create', 1),
(309, 11, '2024-04-29 16:06', 'Invoice', '77', 'create', 1),
(310, 11, '2024-04-29 16:15', 'Invoice', '78', 'create', 1),
(311, 11, '2024-04-29 17:10', 'Invoice', '79', 'create', 1),
(312, 11, '2024-04-29 17:11', 'Invoice', '80', 'create', 1),
(313, 11, '2024-05-08 14:53', 'Quotation', '15', 'create', 1),
(314, 11, '2024-05-08 14:55', 'Quotation', '16', 'create', 1),
(315, 11, '2024-05-08 14:59', 'Quotation', '17', 'create', 1),
(316, 11, '2024-05-08 15:01', 'Quotation', '18', 'create', 1),
(317, 11, '2024-05-08 16:53', 'Invoice', '90', 'create', 1),
(318, 11, '2024-05-19 19:11', 'Invoice', '91', 'create', 1),
(319, 11, '2024-05-19 19:13', 'Quotation', '19', 'create', 1),
(320, 11, '2024-06-10 10:21', 'Invoice', '93', 'create', 1),
(321, 11, '2024-06-10 10:21', 'Invoice', '94', 'create', 1),
(322, 11, '2024-06-10 10:25', 'GRN', '68', 'create', 1),
(323, 11, '2024-06-10 10:28', 'GRN', '69', 'create', 1),
(324, 11, '2024-06-10 10:29', 'GRN', '69', 'process', 1),
(325, 20, '2024-06-16 01:09', 'Item', '25', 'create', 1),
(326, 20, '2024-06-16 11:08', 'Item', '26', 'create', 1),
(327, 20, '2024-06-16 13:09', 'Item', '27', 'create', 1);

-- --------------------------------------------------------

--
-- Table structure for table `wallet`
--

CREATE TABLE `wallet` (
  `idWallet` int(11) NOT NULL,
  `Date` varchar(45) DEFAULT NULL,
  `Type` varchar(45) DEFAULT NULL,
  `Wallet_Category_idWallet_Category` int(11) NOT NULL,
  `Amount` varchar(45) DEFAULT NULL,
  `Note` varchar(945) DEFAULT NULL,
  `Branch_idBranch` int(11) NOT NULL
) ENGINE=InnoDB DEFAULT CHARSET=latin1 COLLATE=latin1_swedish_ci;

--
-- Dumping data for table `wallet`
--

INSERT INTO `wallet` (`idWallet`, `Date`, `Type`, `Wallet_Category_idWallet_Category`, `Amount`, `Note`, `Branch_idBranch`) VALUES
(1, '2024-03-22', '1', 1, '452.50', 'Plot', 1);

-- --------------------------------------------------------

--
-- Table structure for table `wallet_category`
--

CREATE TABLE `wallet_category` (
  `idWallet_Category` int(11) NOT NULL,
  `Type` varchar(45) DEFAULT NULL,
  `Description` varchar(45) DEFAULT NULL,
  `Branch_idBranch` int(11) NOT NULL
) ENGINE=InnoDB DEFAULT CHARSET=latin1 COLLATE=latin1_swedish_ci;

--
-- Dumping data for table `wallet_category`
--

INSERT INTO `wallet_category` (`idWallet_Category`, `Type`, `Description`, `Branch_idBranch`) VALUES
(1, '1', 'Daily Expenses', 1),
(2, '2', 'earnings', 1);

--
-- Indexes for dumped tables
--

--
-- Indexes for table `branch`
--
ALTER TABLE `branch`
  ADD PRIMARY KEY (`idBranch`),
  ADD KEY `fk_Branch_Company` (`Company_idCompany`);

--
-- Indexes for table `company`
--
ALTER TABLE `company`
  ADD PRIMARY KEY (`idCompany`);

--
-- Indexes for table `customer`
--
ALTER TABLE `customer`
  ADD PRIMARY KEY (`idCustomer`);

--
-- Indexes for table `customer_category`
--
ALTER TABLE `customer_category`
  ADD PRIMARY KEY (`idCustomer_Category`),
  ADD KEY `fk_Customer_Category_Branch1` (`Branch_idBranch`);

--
-- Indexes for table `customer_credit_log`
--
ALTER TABLE `customer_credit_log`
  ADD PRIMARY KEY (`idCustomer_Credit_Log`,`Branch_idBranch`),
  ADD KEY `fk_Customer_Credit_Log_Customer1` (`Customer_idCustomer`),
  ADD KEY `fk_Customer_Credit_Log_Branch1` (`Branch_idBranch`);

--
-- Indexes for table `customer_return`
--
ALTER TABLE `customer_return`
  ADD PRIMARY KEY (`idCustomer_Return`),
  ADD KEY `fk_Customer_Return_Customer1` (`Customer_idCustomer`) USING BTREE,
  ADD KEY `fk_Customer_Return_Branch1` (`Branch_idBranch`) USING BTREE;

--
-- Indexes for table `customer_return_has_item`
--
ALTER TABLE `customer_return_has_item`
  ADD PRIMARY KEY (`ID`,`Branch_idBranch`),
  ADD KEY `fk_Customer_Return_has_item_item1` (`Customer_Return_idCustomer_Return`),
  ADD KEY `fk_Customer_Return_has_item_Customer_Return1` (`Item_idItem`);

--
-- Indexes for table `customer_return_has_item_serial_no`
--
ALTER TABLE `customer_return_has_item_serial_no`
  ADD PRIMARY KEY (`ID`);

--
-- Indexes for table `damage_has_item_serial_no`
--
ALTER TABLE `damage_has_item_serial_no`
  ADD PRIMARY KEY (`ID`);

--
-- Indexes for table `damage_note`
--
ALTER TABLE `damage_note`
  ADD PRIMARY KEY (`idDamage_Note`,`Branch_idBranch`),
  ADD KEY `fk_Damage_Note_Branch1` (`Branch_idBranch`);

--
-- Indexes for table `damage_note_has_item`
--
ALTER TABLE `damage_note_has_item`
  ADD PRIMARY KEY (`ID`,`Branch_idBranch`),
  ADD KEY `fk_Damage_Note_has_Item_Item1` (`Item_idItem`),
  ADD KEY `fk_Damage_Note_has_Item_Damage_Note1` (`Damage_Note_idDamage_Note`),
  ADD KEY `fk_Damage_Note_has_Item_Branch1` (`Branch_idBranch`);

--
-- Indexes for table `employee`
--
ALTER TABLE `employee`
  ADD PRIMARY KEY (`Employee_Number`),
  ADD UNIQUE KEY `Employee_NIC` (`Employee_NIC`),
  ADD KEY `Branch_idBranch` (`Branch_idBranch`);

--
-- Indexes for table `grn`
--
ALTER TABLE `grn`
  ADD PRIMARY KEY (`idGRN`,`Branch_idBranch`),
  ADD KEY `fk_GRN_Supplier1` (`Supplier_idSupplier`),
  ADD KEY `fk_GRN_Branch1` (`Branch_idBranch`);

--
-- Indexes for table `grn_has_item`
--
ALTER TABLE `grn_has_item`
  ADD PRIMARY KEY (`ID`,`Branch_idBranch`),
  ADD KEY `fk_GRN_has_Item_Item1` (`Item_idItem`),
  ADD KEY `fk_GRN_has_Item_GRN1` (`GRN_idGRN`),
  ADD KEY `fk_GRN_has_Item_Branch1` (`Branch_idBranch`);

--
-- Indexes for table `invoice`
--
ALTER TABLE `invoice`
  ADD PRIMARY KEY (`idInvoice`,`Branch_idBranch`),
  ADD KEY `fk_Invoice_Customer1` (`Customer_idCustomer`),
  ADD KEY `fk_Invoice_Branch1` (`Branch_idBranch`);

--
-- Indexes for table `invoice_has_item`
--
ALTER TABLE `invoice_has_item`
  ADD PRIMARY KEY (`ID`,`Branch_idBranch`),
  ADD KEY `fk_Invoice_has_Item_Item1` (`Item_idItem`),
  ADD KEY `fk_Invoice_has_Item_Invoice1` (`Invoice_idInvoice`),
  ADD KEY `fk_Invoice_has_Item_Branch1` (`Branch_idBranch`);

--
-- Indexes for table `invoice_has_item_serial_no`
--
ALTER TABLE `invoice_has_item_serial_no`
  ADD PRIMARY KEY (`ID`);

--
-- Indexes for table `item`
--
ALTER TABLE `item`
  ADD PRIMARY KEY (`idItem`,`Branch_idBranch`),
  ADD KEY `fk_Item_Item_Category1` (`Item_Category_idItem_Category`),
  ADD KEY `fk_Item_Branch1` (`Branch_idBranch`);

--
-- Indexes for table `item_category`
--
ALTER TABLE `item_category`
  ADD PRIMARY KEY (`idItem_Category`,`Branch_idBranch`),
  ADD KEY `fk_Item_Category_Branch1` (`Branch_idBranch`);

--
-- Indexes for table `item_has_serial_no`
--
ALTER TABLE `item_has_serial_no`
  ADD PRIMARY KEY (`ID`),
  ADD KEY `fk_GRN_Item_has_Serial_No_GRN1` (`GRN_idGRN`),
  ADD KEY `fk_GRN_Item_has_Serial_No_Item1` (`Item_idItem`),
  ADD KEY `fk_GRN_Item_has_Serial_No_Branch1` (`Branch_idBranch`);

--
-- Indexes for table `purchase_return`
--
ALTER TABLE `purchase_return`
  ADD PRIMARY KEY (`idPurchase_Return`,`Branch_idBranch`),
  ADD KEY `fk_Purchase_Return_Supplier1` (`Supplier_idSupplier`),
  ADD KEY `fk_Purchase_Return_Branch1` (`Branch_idBranch`);

--
-- Indexes for table `purchase_return_has_item`
--
ALTER TABLE `purchase_return_has_item`
  ADD PRIMARY KEY (`ID`,`Branch_idBranch`),
  ADD KEY `fk_Purchase_Return_has_Item_Item1` (`Item_idItem`),
  ADD KEY `fk_Purchase_Return_has_Item_Purchase_Return1` (`Purchase_Return_idPurchase_Return`),
  ADD KEY `fk_Purchase_Return_has_Item_Branch1` (`Branch_idBranch`);

--
-- Indexes for table `purchase_return_has_item_serial_no`
--
ALTER TABLE `purchase_return_has_item_serial_no`
  ADD PRIMARY KEY (`ID`);

--
-- Indexes for table `quantity_type`
--
ALTER TABLE `quantity_type`
  ADD PRIMARY KEY (`idQuantity_Type`);

--
-- Indexes for table `quotation`
--
ALTER TABLE `quotation`
  ADD PRIMARY KEY (`idQuotation`,`Branch_idBranch`),
  ADD KEY `fk_Quotation_Customer1` (`Customer_idCustomer`),
  ADD KEY `fk_Quotation_Branch1` (`Branch_idBranch`);

--
-- Indexes for table `quotation_has_item`
--
ALTER TABLE `quotation_has_item`
  ADD PRIMARY KEY (`Id`,`Branch_idBranch`),
  ADD KEY `fk_Quotation_has_Item_Item1` (`Item_idItem`),
  ADD KEY `fk_Quotation_has_Item_Quotation1` (`Quotation_idQuotation`),
  ADD KEY `fk_Quotation_has_Item_Branch1` (`Branch_idBranch`);

--
-- Indexes for table `rules`
--
ALTER TABLE `rules`
  ADD PRIMARY KEY (`idRules`,`Branch_idBranch`),
  ADD KEY `fk_Rules_Branch1` (`Branch_idBranch`);

--
-- Indexes for table `stock_card`
--
ALTER TABLE `stock_card`
  ADD PRIMARY KEY (`idStock_Card`,`Branch_idBranch`),
  ADD KEY `fk_Stock_Card_Branch1` (`Branch_idBranch`);

--
-- Indexes for table `supplier`
--
ALTER TABLE `supplier`
  ADD PRIMARY KEY (`idSupplier`),
  ADD KEY `fk_Supplier_Branch1` (`Branch_idBranch`);

--
-- Indexes for table `supplier_log`
--
ALTER TABLE `supplier_log`
  ADD PRIMARY KEY (`idSupplier_Log`),
  ADD KEY `fk_Supplier_Log_Supplier1` (`Supplier_idSupplier`),
  ADD KEY `fk_Supplier_Log_Branch1` (`Branch_idBranch`);

--
-- Indexes for table `user`
--
ALTER TABLE `user`
  ADD PRIMARY KEY (`idUser`,`Branch_idBranch`),
  ADD KEY `fk_User_Branch1` (`Branch_idBranch`);

--
-- Indexes for table `user_log`
--
ALTER TABLE `user_log`
  ADD PRIMARY KEY (`idUser_Log`,`Branch_idBranch`),
  ADD KEY `fk_User_Log_Branch1` (`Branch_idBranch`);

--
-- Indexes for table `wallet`
--
ALTER TABLE `wallet`
  ADD PRIMARY KEY (`idWallet`,`Branch_idBranch`),
  ADD KEY `fk_Wallet_Wallet_Category1` (`Wallet_Category_idWallet_Category`),
  ADD KEY `fk_Wallet_Branch1` (`Branch_idBranch`);

--
-- Indexes for table `wallet_category`
--
ALTER TABLE `wallet_category`
  ADD PRIMARY KEY (`idWallet_Category`,`Branch_idBranch`),
  ADD KEY `fk_Wallet_Category_Branch1` (`Branch_idBranch`);

--
-- AUTO_INCREMENT for dumped tables
--

--
-- AUTO_INCREMENT for table `branch`
--
ALTER TABLE `branch`
  MODIFY `idBranch` int(11) NOT NULL AUTO_INCREMENT, AUTO_INCREMENT=2;

--
-- AUTO_INCREMENT for table `company`
--
ALTER TABLE `company`
  MODIFY `idCompany` int(11) NOT NULL AUTO_INCREMENT, AUTO_INCREMENT=2;

--
-- AUTO_INCREMENT for table `customer`
--
ALTER TABLE `customer`
  MODIFY `idCustomer` int(11) NOT NULL AUTO_INCREMENT, AUTO_INCREMENT=21;

--
-- AUTO_INCREMENT for table `customer_category`
--
ALTER TABLE `customer_category`
  MODIFY `idCustomer_Category` int(11) NOT NULL AUTO_INCREMENT, AUTO_INCREMENT=6;

--
-- AUTO_INCREMENT for table `customer_credit_log`
--
ALTER TABLE `customer_credit_log`
  MODIFY `idCustomer_Credit_Log` int(11) NOT NULL AUTO_INCREMENT, AUTO_INCREMENT=110;

--
-- AUTO_INCREMENT for table `customer_return`
--
ALTER TABLE `customer_return`
  MODIFY `idCustomer_Return` int(11) NOT NULL AUTO_INCREMENT, AUTO_INCREMENT=71;

--
-- AUTO_INCREMENT for table `customer_return_has_item`
--
ALTER TABLE `customer_return_has_item`
  MODIFY `ID` int(11) NOT NULL AUTO_INCREMENT, AUTO_INCREMENT=107;

--
-- AUTO_INCREMENT for table `customer_return_has_item_serial_no`
--
ALTER TABLE `customer_return_has_item_serial_no`
  MODIFY `ID` int(11) NOT NULL AUTO_INCREMENT, AUTO_INCREMENT=16;

--
-- AUTO_INCREMENT for table `damage_has_item_serial_no`
--
ALTER TABLE `damage_has_item_serial_no`
  MODIFY `ID` int(11) NOT NULL AUTO_INCREMENT, AUTO_INCREMENT=2;

--
-- AUTO_INCREMENT for table `damage_note`
--
ALTER TABLE `damage_note`
  MODIFY `idDamage_Note` int(11) NOT NULL AUTO_INCREMENT, AUTO_INCREMENT=17;

--
-- AUTO_INCREMENT for table `damage_note_has_item`
--
ALTER TABLE `damage_note_has_item`
  MODIFY `ID` int(11) NOT NULL AUTO_INCREMENT, AUTO_INCREMENT=17;

--
-- AUTO_INCREMENT for table `employee`
--
ALTER TABLE `employee`
  MODIFY `Employee_Number` int(11) NOT NULL AUTO_INCREMENT, AUTO_INCREMENT=13;

--
-- AUTO_INCREMENT for table `grn`
--
ALTER TABLE `grn`
  MODIFY `idGRN` int(11) NOT NULL AUTO_INCREMENT, AUTO_INCREMENT=70;

--
-- AUTO_INCREMENT for table `grn_has_item`
--
ALTER TABLE `grn_has_item`
  MODIFY `ID` int(11) NOT NULL AUTO_INCREMENT, AUTO_INCREMENT=113;

--
-- AUTO_INCREMENT for table `invoice`
--
ALTER TABLE `invoice`
  MODIFY `idInvoice` int(11) NOT NULL AUTO_INCREMENT, AUTO_INCREMENT=95;

--
-- AUTO_INCREMENT for table `invoice_has_item`
--
ALTER TABLE `invoice_has_item`
  MODIFY `ID` int(11) NOT NULL AUTO_INCREMENT, AUTO_INCREMENT=123;

--
-- AUTO_INCREMENT for table `invoice_has_item_serial_no`
--
ALTER TABLE `invoice_has_item_serial_no`
  MODIFY `ID` int(11) NOT NULL AUTO_INCREMENT, AUTO_INCREMENT=15;

--
-- AUTO_INCREMENT for table `item`
--
ALTER TABLE `item`
  MODIFY `idItem` int(11) NOT NULL AUTO_INCREMENT, AUTO_INCREMENT=28;

--
-- AUTO_INCREMENT for table `item_category`
--
ALTER TABLE `item_category`
  MODIFY `idItem_Category` int(11) NOT NULL AUTO_INCREMENT, AUTO_INCREMENT=7;

--
-- AUTO_INCREMENT for table `item_has_serial_no`
--
ALTER TABLE `item_has_serial_no`
  MODIFY `ID` int(11) NOT NULL AUTO_INCREMENT, AUTO_INCREMENT=67;

--
-- AUTO_INCREMENT for table `purchase_return`
--
ALTER TABLE `purchase_return`
  MODIFY `idPurchase_Return` int(11) NOT NULL AUTO_INCREMENT, AUTO_INCREMENT=16;

--
-- AUTO_INCREMENT for table `purchase_return_has_item`
--
ALTER TABLE `purchase_return_has_item`
  MODIFY `ID` int(11) NOT NULL AUTO_INCREMENT, AUTO_INCREMENT=30;

--
-- AUTO_INCREMENT for table `purchase_return_has_item_serial_no`
--
ALTER TABLE `purchase_return_has_item_serial_no`
  MODIFY `ID` int(11) NOT NULL AUTO_INCREMENT, AUTO_INCREMENT=6;

--
-- AUTO_INCREMENT for table `quantity_type`
--
ALTER TABLE `quantity_type`
  MODIFY `idQuantity_Type` int(11) NOT NULL AUTO_INCREMENT, AUTO_INCREMENT=6;

--
-- AUTO_INCREMENT for table `quotation`
--
ALTER TABLE `quotation`
  MODIFY `idQuotation` int(11) NOT NULL AUTO_INCREMENT, AUTO_INCREMENT=20;

--
-- AUTO_INCREMENT for table `quotation_has_item`
--
ALTER TABLE `quotation_has_item`
  MODIFY `Id` int(11) NOT NULL AUTO_INCREMENT, AUTO_INCREMENT=24;

--
-- AUTO_INCREMENT for table `stock_card`
--
ALTER TABLE `stock_card`
  MODIFY `idStock_Card` int(11) NOT NULL AUTO_INCREMENT, AUTO_INCREMENT=138;

--
-- AUTO_INCREMENT for table `supplier`
--
ALTER TABLE `supplier`
  MODIFY `idSupplier` int(11) NOT NULL AUTO_INCREMENT, AUTO_INCREMENT=21;

--
-- AUTO_INCREMENT for table `supplier_log`
--
ALTER TABLE `supplier_log`
  MODIFY `idSupplier_Log` int(11) NOT NULL AUTO_INCREMENT, AUTO_INCREMENT=20;

--
-- AUTO_INCREMENT for table `user`
--
ALTER TABLE `user`
  MODIFY `idUser` int(11) NOT NULL AUTO_INCREMENT, AUTO_INCREMENT=21;

--
-- AUTO_INCREMENT for table `user_log`
--
ALTER TABLE `user_log`
  MODIFY `idUser_Log` int(11) NOT NULL AUTO_INCREMENT, AUTO_INCREMENT=328;

--
-- AUTO_INCREMENT for table `wallet`
--
ALTER TABLE `wallet`
  MODIFY `idWallet` int(11) NOT NULL AUTO_INCREMENT, AUTO_INCREMENT=2;

--
-- AUTO_INCREMENT for table `wallet_category`
--
ALTER TABLE `wallet_category`
  MODIFY `idWallet_Category` int(11) NOT NULL AUTO_INCREMENT, AUTO_INCREMENT=3;

--
-- Constraints for dumped tables
--

--
-- Constraints for table `employee`
--
ALTER TABLE `employee`
  ADD CONSTRAINT `employee_ibfk_1` FOREIGN KEY (`Branch_idBranch`) REFERENCES `branch` (`idBranch`);
COMMIT;

/*!40101 SET CHARACTER_SET_CLIENT=@OLD_CHARACTER_SET_CLIENT */;
/*!40101 SET CHARACTER_SET_RESULTS=@OLD_CHARACTER_SET_RESULTS */;
/*!40101 SET COLLATION_CONNECTION=@OLD_COLLATION_CONNECTION */;
